date_found,player_id,readable_id,name,rating,robustness,rating_quality,entry_type
2026-06-05,1310533,9900007849538,Nathan Carroll,438,63,preliminary,baseline
2026-06-06,11320,0053174,Adam King,683,2933,established,baseline
2026-06-06,625764,0004670,Adam Sisneros,678,5028,established,baseline
2026-06-06,627899,9900003052246,Adriana Vega,427,3303,established,baseline
2026-06-06,1262933,9900007249789,Abhi edake,642,1569,established,baseline
2026-06-06,360339,0198499,Andrew Pettenger,671,4311,established,baseline
2026-06-06,1105689,9900005434132,Angelo Wesson,501,242,established,baseline
2026-06-06,935950,0247483,Gene Denmon,507,567,established,baseline
2026-06-06,1095806,9900005333428,Amie Mangaoang,474,554,established,baseline
2026-06-06,1315471,9900007899199,Richard Kieselstein,431,65,preliminary,baseline
2026-06-06,1117381,9900005553185,Andrew Drake,516,2650,established,baseline
2026-06-06,1041504,9900004680127,Amanda Mackey,430,830,established,baseline
2026-06-06,623985,9900005484366,Matt Driste,646,858,established,baseline
2026-06-06,17156,0196074,Andres DeHerrera,597,2273,established,baseline
2026-06-06,1137553,9900005761283,Steve Laroe,473,1002,established,baseline
2026-06-06,1161687,9900006007137,Aiden Wiley,488,1125,established,baseline
2026-06-06,1134616,9900005732498,Aaron Hara,602,2543,established,baseline
2026-06-06,795114,0267899,Adam Burke,446,1204,established,baseline
2026-06-06,1075488,9900005116113,Aaron Erfman,500,1314,established,baseline
2026-06-06,1143736,9900005824889,Adolph Estrada,469,234,established,baseline
2026-06-06,741447,0202341,Alex Esquibel,469,351,established,baseline
2026-06-06,1180987,9900006308937,Adrian Fraire,583,92,preliminary,baseline
2026-06-06,627231,0112421,Adrian Duran,536,574,established,baseline
2026-06-06,1191680,9900006514611,Aaron Lefevre,422,835,established,baseline
2026-06-06,1274330,9900007369593,Mason Wittenbaugh,273,143,preliminary,baseline
2026-06-06,1196579,9900006567426,Amanda Trich,323,70,preliminary,baseline
2026-06-06,1135663,9900005742817,Andy Connell,445,1035,established,baseline
2026-06-06,822705,0038609,Adrian Ayala,591,622,established,baseline
2026-06-06,1203901,9900006640655,Alex Burghardt,459,119,preliminary,baseline
2026-06-06,1198234,9900006584492,Andy Collier,372,146,preliminary,baseline
2026-06-06,644011,0318864,Angel Hernandez,447,343,established,baseline
2026-06-06,1022930,9900004452243,Angel DePaul,428,248,established,baseline
2026-06-06,1237945,9900006999920,Adam Diehl,404,77,preliminary,baseline
2026-06-06,1295500,9900007592137,Allen Morillo,349,28,preliminary,baseline
2026-06-06,1194515,9900006543680,Andy Mathon,555,190,preliminary,baseline
2026-06-06,641895,0165988,Adam Estrada,486,466,established,baseline
2026-06-06,1028716,9900004525930,Aaron Thrower,461,2845,established,baseline
2026-06-06,1280659,9900007432631,Amanda Rae Hernandez,309,45,preliminary,baseline
2026-06-06,1223403,9900006843278,Andy Ross,534,20,preliminary,baseline
2026-06-06,14462,0237749,Alan Hogan,429,296,established,baseline
2026-06-06,1236055,9900006981352,Lorenzo Avila,469,271,established,baseline
2026-06-06,841150,0299034,Amy Silvernale,381,2079,established,baseline
2026-06-06,1374454,9900008639725,Alex Harding,413,55,preliminary,baseline
2026-06-06,1348811,9900008384403,Jamison Yanish,449,272,established,baseline
2026-06-06,1312860,9900007873274,Andy Price,507,45,preliminary,baseline
2026-06-06,1327132,9900008017523,Alvin Cox,458,606,established,baseline
2026-06-06,1266571,9900007287316,Amy Clark,132,322,established,baseline
2026-06-06,1310920,9900007854990,Abbie Carter,337,220,established,baseline
2026-06-06,1329785,9900008048305,Alice Sanchez,61,276,established,baseline
2026-06-06,1356559,9900008463825,Andrew Holstein,369,32,preliminary,baseline
2026-06-06,1013591,9900004341165,Adrian Valerio,409,856,established,baseline
2026-06-06,1362848,9900008525332,Alia Minardi,115,9,preliminary,baseline
2026-06-06,1200522,9900006606712,Emily Rauch,196,95,preliminary,baseline
2026-06-06,1244685,9900007067444,Matt Razon,508,1668,established,baseline
2026-06-06,1371839,9900008613862,Aaron Meehan,351,53,preliminary,baseline
2026-06-06,1371901,9900008614876,Andrew Relente,423,76,preliminary,baseline
2026-06-06,1374457,9900008640233,Angelo Almanza,277,37,preliminary,baseline
2026-06-06,18891,0074708,Aaron Westcott,583,1727,established,baseline
2026-06-06,1356558,9900008463955,Aleatha Davidson,224,8,preliminary,baseline
2026-06-06,10290,0214559,Art St Germaine,640,2483,established,baseline
2026-06-06,1161694,9900006006826,Robert Breaux,455,640,established,baseline
2026-06-06,12615,0121111,Billy Hickman,641,1660,established,baseline
2026-06-06,1099351,9900005369366,Baldemar Gonzalez,411,561,established,baseline
2026-06-06,1068456,9900005046366,Benerito Garcia,537,619,established,baseline
2026-06-06,1173557,9900006131153,Matthew Huyge,539,1120,established,baseline
2026-06-06,972809,9900002628107,Ivan Mendoza,573,1135,established,baseline
2026-06-06,860415,0139620,Bill Brennan,430,1512,established,baseline
2026-06-06,739146,0316961,April Erfman,510,3067,established,baseline
2026-06-06,1095808,9900005333442,Becky Schweer,389,916,established,baseline
2026-06-06,13032,0038612,Anthony Martinez,533,550,established,baseline
2026-06-06,972763,9900004547086,Benny Kay,557,2612,established,baseline
2026-06-06,1035132,9900004603713,Armando Nila,449,850,established,baseline
2026-06-06,1338676,9900008132684,Amy Vincze,16,72,preliminary,baseline
2026-06-06,13732,0307384,Bill Skinner,653,1876,established,baseline
2026-06-06,1084315,9900005208467,Austin Sutton,609,1888,established,baseline
2026-06-06,1028019,9900004514842,Asher Doty,509,1181,established,baseline
2026-06-06,1076268,9900005123784,Ben Caraher,561,314,established,baseline
2026-06-06,1099993,9900005375626,Antonio Munoz,471,491,established,baseline
2026-06-06,1014350,9900004350013,Anthony Billot,540,348,established,baseline
2026-06-06,1044155,9900004707275,Annette Garcia,319,581,established,baseline
2026-06-06,1221454,9900006819747,Antonio Marin,437,758,established,baseline
2026-06-06,1121051,9900005591675,Bobby Neues,606,2093,established,baseline
2026-06-06,931269,0268475,Beau Solano,510,596,established,baseline
2026-06-06,972764,9900008269236,Billy Kawamura,529,57,preliminary,baseline
2026-06-06,1105167,9900005428094,Ben Kite,349,230,established,baseline
2026-06-06,1013941,9900004345484,Bill Ellis,438,1151,established,baseline
2026-06-06,1135321,9900005739350,Bill Trumbly,394,56,preliminary,baseline
2026-06-06,1175360,9900006151915,Aron Struzik,531,260,established,baseline
2026-06-06,1315445,9900007899038,Ashok Kumar Vajra,369,120,preliminary,baseline
2026-06-06,18048,0017159,Anthony Jojola,485,329,established,baseline
2026-06-06,1122641,9900005607666,Austin Ellis,370,492,established,baseline
2026-06-06,931290,9900007376171,Anthony Zapf,607,673,established,baseline
2026-06-06,1319456,9900007939796,John Attwood,408,285,established,baseline
2026-06-06,1294295,9900007579749,Bill Aradi,397,610,established,baseline
2026-06-06,1237946,9900007000151,Archit Gupta,425,482,established,baseline
2026-06-06,1310527,9900007849569,Ash Staunton,409,134,preliminary,baseline
2026-06-06,1302142,9900007763117,Avery McCoy,446,19,preliminary,baseline
2026-06-06,1337873,9900008123835,Benjamin Sparks,398,174,preliminary,baseline
2026-06-06,1319445,9900007939642,Barry Sullivan,494,53,preliminary,baseline
2026-06-06,1249896,9900007115787,Anna Cusic,419,329,established,baseline
2026-06-06,625714,0181906,Bill Schukar,445,2849,established,baseline
2026-06-06,1317805,9900007922866,ASHTON JOHNSON,518,101,preliminary,baseline
2026-06-06,1013870,9900004344524,Bennett Anderson,487,49,preliminary,baseline
2026-06-06,1097858,9900005354485,Art Tabares,484,1610,established,baseline
2026-06-06,1242862,9900007048917,Dakota Roach,397,389,established,baseline
2026-06-06,1367889,9900008574743,Austin Martin,257,251,established,baseline
2026-06-06,1117229,9900005551624,Anthony Rodriguez,553,491,established,baseline
2026-06-06,1360872,9900008505648,Anna Knapp,258,66,preliminary,baseline
2026-06-06,997623,9900004182447,Bill West,500,1096,established,baseline
2026-06-06,1382836,9900008721338,Anthony Amorosa,394,19,preliminary,baseline
2026-06-06,1386333,9900008755661,Anita Stratton,247,6,preliminary,baseline
2026-06-06,983918,9900004000024,Brad Reed,573,523,established,baseline
2026-06-06,814157,9900002543967,Bob Guzik,592,1609,established,baseline
2026-06-06,1108962,9900005468199,BRIAN SCHNITHER,528,50,preliminary,baseline
2026-06-06,1123534,9900005615791,Brandon Bell,482,18,preliminary,baseline
2026-06-06,1121244,9900005593396,Rob Hemschik,423,327,established,baseline
2026-06-06,1239489,9900007015889,Sophia Mullins,331,426,established,baseline
2026-06-06,1106161,9900005439045,Bob Hale,546,971,established,baseline
2026-06-06,993190,9900004140720,Brandon Krug,528,384,established,baseline
2026-06-06,1064937,9900004918015,Brian Cribari,479,1103,established,baseline
2026-06-06,972767,9900003498815,Bobby Patten,557,1951,established,baseline
2026-06-06,631010,9900003266551,Brian Webb,472,905,established,baseline
2026-06-06,16978,0208404,Brad Kapit,597,769,established,baseline
2026-06-06,1143738,9900005825350,Brayden Gallegos,527,1228,established,baseline
2026-06-06,1130375,9900005685923,Brett Holdaway,553,484,established,baseline
2026-06-06,1100973,9900005385854,Brian Carruthers,454,361,established,baseline
2026-06-06,1130373,9900005686210,Bob Sewill,533,914,established,baseline
2026-06-06,972772,9900002843272,Brian Casey,574,870,established,baseline
2026-06-06,1167280,9900006064550,Brooke Hauer,277,86,preliminary,baseline
2026-06-06,1102823,9900005404661,Brian Harano,468,100,preliminary,baseline
2026-06-06,660333,0230837,Brock Entenman,516,59,preliminary,baseline
2026-06-06,12736,0036031,Bob Stevens,490,512,established,baseline
2026-06-06,1232685,9900006935850,BRIAN CAMPBELL,504,77,preliminary,baseline
2026-06-06,827788,9900002965455,Brian T Nguyen,572,2381,established,baseline
2026-06-06,15467,0000212,Bonnie Talmadge,388,148,preliminary,baseline
2026-06-06,1202822,9900006630014,Bob Fridd,406,14,preliminary,baseline
2026-06-06,1093529,9900005310054,Brian Reece,440,1032,established,baseline
2026-06-06,1236045,9900006981222,Bruce Bubacz,342,26,preliminary,baseline
2026-06-06,1218516,9900006789569,Blaine Myers,543,67,preliminary,baseline
2026-06-06,627007,0166027,Brett Holland,497,728,established,baseline
2026-06-06,1194220,9900006540702,Brittany Truitt,440,51,preliminary,baseline
2026-06-06,1245585,9900007076019,Henry Rincon,505,347,established,baseline
2026-06-06,13600,0118105,Brad Patrick,526,516,established,baseline
2026-06-06,1020786,9900004430333,Brandon Davidson,397,687,established,baseline
2026-06-06,1350948,9900008406365,Brandon Geoges,255,93,preliminary,baseline
2026-06-06,1327139,9900008017677,Carolyn Lampkin,267,114,preliminary,baseline
2026-06-06,1327137,9900008017615,Brian Porwoll,428,176,preliminary,baseline
2026-06-06,1291728,9900007553183,Brittany Garrison,351,231,established,baseline
2026-06-06,1102821,9900005404647,Brett Gonzalez,475,93,preliminary,baseline
2026-06-06,1304470,9900007787526,Brijesh Vangaladoraisamy,533,266,established,baseline
2026-06-06,1255223,9900007171783,Brent Olson,306,204,established,baseline
2026-06-06,1028717,9900004525947,Isabel Gutierrez,440,1500,established,baseline
2026-06-06,1370176,9900008597315,Brian Kidd,516,32,preliminary,baseline
2026-06-06,1291226,9900007548653,Brian Fiorello,448,235,established,baseline
2026-06-06,1332240,9900008068129,Brad Hill,317,21,preliminary,baseline
2026-06-06,692935,0299567,Blake Cohen,538,152,preliminary,baseline
2026-06-06,1119860,9900005578928,Brandon Frye,458,405,established,baseline
2026-06-06,1324684,9900007992692,Blake Robertson,407,171,preliminary,baseline
2026-06-06,1372616,9900008621362,Brandon Brady,447,61,preliminary,baseline
2026-06-06,892081,0157304,Brian Leary,542,2640,established,baseline
2026-06-06,1362876,9900008525646,Michael Waxmonsky,186,25,preliminary,baseline
2026-06-06,1187566,9900006474311,John burgess,590,2393,established,baseline
2026-06-06,1345745,9900008202479,Brittany Trevathan,166,45,preliminary,baseline
2026-06-06,1095811,9900005333473,Brent Knedler,456,232,established,baseline
2026-06-06,626876,0100175,Caela Henley-Huddleston,571,2293,established,baseline
2026-06-06,1098783,9900005363760,Catherine Colosia,454,1103,established,baseline
2026-06-06,1116152,9900005540499,Chris Fontenot,245,23,preliminary,baseline
2026-06-06,1111130,9900005488968,CASEY BOSANKO,578,513,established,baseline
2026-06-06,1095212,9900005327434,Chase Heffner,460,1349,established,baseline
2026-06-06,1170444,9900006099453,Marie Judd,264,766,established,baseline
2026-06-06,1013286,9900004337953,Carina Gonzalez,445,320,established,baseline
2026-06-06,1105169,9900005427950,Chris Biermann,517,702,established,baseline
2026-06-06,972776,9900000747282,Bruce Wilson,593,323,established,baseline
2026-06-06,12834,0053281,Carol James,535,1836,established,baseline
2026-06-06,1117386,9900005553239,Bruce Lord,450,800,established,baseline
2026-06-06,1232686,9900006935515,Casey Mullan,394,120,preliminary,baseline
2026-06-06,1083738,9900005202922,Charles Van Loucks,504,798,established,baseline
2026-06-06,18875,0031878,Cecil Monge,622,936,established,baseline
2026-06-06,1249055,9900007107607,Cameron Brown,315,74,preliminary,baseline
2026-06-06,1104323,9900005420135,carlos correa,503,640,established,baseline
2026-06-06,1120459,9900005585209,Chad Comstock,555,570,established,baseline
2026-06-06,1014635,9900004353670,Casey Enslow,580,1200,established,baseline
2026-06-06,654295,0226418,Carlos Martinez,485,1070,established,baseline
2026-06-06,1196582,9900006567778,Cathy Ruger,382,523,established,baseline
2026-06-06,650643,0038623,Carl Coffee,579,476,established,baseline
2026-06-06,1202475,9900006626543,David W Miller,392,604,established,baseline
2026-06-06,13613,0128600,Cannon Russell Jr,506,2955,established,baseline
2026-06-06,1265238,9900007273944,chad skitt,337,41,preliminary,baseline
2026-06-06,18938,0155073,Ray Lucero,596,365,established,baseline
2026-06-06,1089823,9900005271782,Charles Carlisle Jr,564,820,established,baseline
2026-06-06,976930,9900003917194,Chase Morrison,556,2466,established,baseline
2026-06-06,1241918,9900007039588,Charlie Anderson,624,157,preliminary,baseline
2026-06-06,1322527,9900007969656,Bryant McKinnie,395,178,preliminary,baseline
2026-06-06,1187046,9900006469027,Cale Ross,441,189,preliminary,baseline
2026-06-06,971835,0339207,Jeremiah Nelson,471,592,established,baseline
2026-06-06,1350950,9900008406846,Che Darke,490,36,preliminary,baseline
2026-06-06,1257720,9900007197325,Chase Scarlett,482,721,established,baseline
2026-06-06,1083619,9900005201826,Cash Lance,641,2895,established,baseline
2026-06-06,1327138,9900008017608,Carlos Villa,470,26,preliminary,baseline
2026-06-06,1172557,9900006121864,Thomas Sharp,330,612,established,baseline
2026-06-06,931280,0346025,Caleb Simon,493,1998,established,baseline
2026-06-06,1310529,9900007849651,Carrie Baker,251,115,preliminary,baseline
2026-06-06,1256839,9900007188781,Charlotte Conboy,391,173,preliminary,baseline
2026-06-06,1343919,9900008184539,Casey Rossman,265,149,preliminary,baseline
2026-06-06,1067096,9900005031966,Charles McDaniel,369,37,preliminary,baseline
2026-06-06,1365048,9900008546887,Charles West,194,9,preliminary,baseline
2026-06-06,1371904,9900008614869,Cayden Mazza,451,117,preliminary,baseline
2026-06-06,1370178,9900008597759,Chase Santorno,282,162,preliminary,baseline
2026-06-06,1379019,9900008683940,Carmine Desimone,312,43,preliminary,baseline
2026-06-06,1051056,9900004786775,Charles Hicks,502,374,established,baseline
2026-06-06,1362857,9900008524984,Chet Ellefson,343,78,preliminary,baseline
2026-06-06,1382840,9900008721604,Carl Cochran,397,22,preliminary,baseline
2026-06-06,1102828,9900005404715,Chrissy Grannis,347,232,established,baseline
2026-06-06,1112532,9900005503418,Rico Juan,506,1569,established,baseline
2026-06-06,14548,0045741,Christine Honeman,543,2133,established,baseline
2026-06-06,625180,9900003073968,Chris McDaniel,700,5096,established,baseline
2026-06-06,1109678,9900005475289,Christopher Sisneros,347,148,preliminary,baseline
2026-06-06,996704,9900001246494,Wes Dycus,468,1168,established,baseline
2026-06-06,1006979,9900004271592,Chris Sakich,537,551,established,baseline
2026-06-06,1203511,9900006636948,chris slaktowicz,591,610,established,baseline
2026-06-06,1362862,9900008525288,Emily Mazeau,179,108,preliminary,baseline
2026-06-06,926616,0338776,Craig Rempfer,548,1801,established,baseline
2026-06-06,1117384,9900005553215,Chris Holzwarth,499,670,established,baseline
2026-06-06,1134623,9900005732283,Cory Conrad,444,128,preliminary,baseline
2026-06-06,1073711,9900005097351,Rick Griego,491,325,established,baseline
2026-06-06,972781,9900005366716,Conrad Morales,544,1101,established,baseline
2026-06-06,1065338,9900005015607,Clayton Ratcliff,375,47,preliminary,baseline
2026-06-06,1045532,9900004729321,Corey Sulkko,514,582,established,baseline
2026-06-06,1128445,9900005666397,Christine Zek,103,25,preliminary,baseline
2026-06-06,12430,0239296,Jim Calderon,591,5014,established,baseline
2026-06-06,1268111,9900007304327,Chris Kulick,514,74,preliminary,baseline
2026-06-06,1105171,9900005428032,Chris Marye,517,743,established,baseline
2026-06-06,859226,0004664,Chris Onesky,627,475,established,baseline
2026-06-06,861665,0298053,Chris Standley,546,293,established,baseline
2026-06-06,744136,0248594,Craig Leavitt,448,120,preliminary,baseline
2026-06-06,758812,0232387,Christopher Anderson,435,1920,established,baseline
2026-06-06,1069445,9900005056105,Austin Byard,462,136,preliminary,baseline
2026-06-06,972787,9900004547079,Dan McMahan,366,3003,established,baseline
2026-06-06,1133983,9900005725988,Chris Keirnan,454,1155,established,baseline
2026-06-06,1007211,9900004273077,Cody Iacovetto,473,2666,established,baseline
2026-06-06,1256843,9900007188040,Cory Austin,507,70,preliminary,baseline
2026-06-06,1225323,9900006861654,Cody Kinney,460,616,established,baseline
2026-06-06,1127996,9900005662269,Jarred Lewis,441,655,established,baseline
2026-06-06,1347080,9900008218197,Cindy Miller,283,50,preliminary,baseline
2026-06-06,1220870,9900006813868,Connor Bjork,489,744,established,baseline
2026-06-06,1190272,9900006501482,Clayton Stevens,295,311,established,baseline
2026-06-06,972795,9900001555732,Dino (Dean) Devost,636,3128,established,baseline
2026-06-06,1014203,9900004348249,Christina Hubler,351,232,established,baseline
2026-06-06,1339099,9900008136415,Collin Sanford,554,182,preliminary,baseline
2026-06-06,1200519,9900006607184,Chris Parks,552,324,established,baseline
2026-06-06,1294297,9900007579626,Cristain Uzhca,324,73,preliminary,baseline
2026-06-06,1257718,9900007197318,Colton Bales,421,410,established,baseline
2026-06-06,14964,0031841,Will Hathcock,599,2114,established,baseline
2026-06-06,1136604,9900005751925,christopher tracy,405,45,preliminary,baseline
2026-06-06,1333715,9900008082231,Chris Maddox,412,25,preliminary,baseline
2026-06-06,737591,0053254,Chris Frandrup,552,893,established,baseline
2026-06-06,1337878,9900008123774,Chris Sciora,372,20,preliminary,baseline
2026-06-06,684312,0264608,Craig Douglas,513,2465,established,baseline
2026-06-06,1261788,9900007238158,sandy nitta,564,1179,established,baseline
2026-06-06,1234384,9900006956312,Chris Black,366,544,established,baseline
2026-06-06,1348805,9900008384274,Cody Walker,351,125,preliminary,baseline
2026-06-06,1356568,9900008463658,Christopher Diamond,471,49,preliminary,baseline
2026-06-06,1364565,9900008542209,Kurt Funk,401,101,preliminary,baseline
2026-06-06,1367712,9900008573067,Cody Harrington,343,41,preliminary,baseline
2026-06-06,18502,0284222,Steve Pierson,657,2882,established,baseline
2026-06-06,1313185,9900007876091,Damon Navajo,335,175,preliminary,baseline
2026-06-06,1391740,9900008805328,Corey Raber,441,14,preliminary,baseline
2026-06-06,1270273,9900007325643,megan ladany,415,1086,established,baseline
2026-06-06,1377841,9900008672906,Robert Wooden,295,48,preliminary,baseline
2026-06-06,1387759,9900008769514,Cori Mathews,-90,6,preliminary,baseline
2026-06-06,1096635,9900005341737,David Anderson,581,2381,established,baseline
2026-06-06,10942,0094338,Darin Dusbabek,579,1487,established,baseline
2026-06-06,1098099,9900005356601,Curly Mansfield,493,1411,established,baseline
2026-06-06,1106261,9900005439885,Dave Luna,433,75,preliminary,baseline
2026-06-06,1103335,9900005409734,Daniel Petro,600,3275,established,baseline
2026-06-06,626812,0038649,Dave Jaramillo,610,1711,established,baseline
2026-06-06,1100231,9900005378078,Daniel Conley,523,1638,established,baseline
2026-06-06,1012827,9900004333146,Cruz Garcia,507,1681,established,baseline
2026-06-06,1140021,9900005788044,esperanza garza,305,105,preliminary,baseline
2026-06-06,1322835,9900007973868,Erik Akeyson,449,297,established,baseline
2026-06-06,1058919,9900004867702,Dan Egan,497,958,established,baseline
2026-06-06,17138,0038648,Darian Trujillo,641,656,established,baseline
2026-06-06,1106896,9900005446845,DAVID BROOKS,364,247,established,baseline
2026-06-06,1148225,9900005870602,Crystal Frais,450,288,established,baseline
2026-06-06,1069174,9900005053531,Johnnie Zweygardt,391,729,established,baseline
2026-06-06,1197418,9900006575681,Dave Gross,629,104,preliminary,baseline
2026-06-06,713829,0279187,Dave Shelton,453,629,established,baseline
2026-06-06,972784,9900008372455,Cyrus Green,448,302,established,baseline
2026-06-06,1121809,9900005599107,David Geier,396,78,preliminary,baseline
2026-06-06,831378,0030481,Josh Thomashefsky,520,480,established,baseline
2026-06-06,1246023,9900007080689,Tony Davenport,542,171,preliminary,baseline
2026-06-06,1103870,9900005415438,Curtis McCuiston,672,445,established,baseline
2026-06-06,1364742,9900008543879,Raymond Carlson,351,45,preliminary,baseline
2026-06-06,1128449,9900005666298,Majik Williams,592,295,established,baseline
2026-06-06,1111132,9900005489453,Crystal Pettiford,325,92,preliminary,baseline
2026-06-06,1211342,9900006715667,Dan Cordova,467,798,established,baseline
2026-06-06,1190856,9900006507927,Dan Campana,275,31,preliminary,baseline
2026-06-06,837632,0303644,Daniel Zamora,431,698,established,baseline
2026-06-06,993815,9900004148917,DAVE O'HARE,464,1376,established,baseline
2026-06-06,737912,0246771,David Derrenberger,498,55,preliminary,baseline
2026-06-06,1180992,9900006309002,Don Day,577,667,established,baseline
2026-06-06,1325290,9900007999400,Daniel M Price,342,81,preliminary,baseline
2026-06-06,1197227,9900006574363,Danielle Schlehuber,481,423,established,baseline
2026-06-06,15179,0031881,Dave Mahder,643,398,established,baseline
2026-06-06,1207186,9900006673905,Dan Price,502,736,established,baseline
2026-06-06,1255568,9900007174890,Dat Huynh,490,55,preliminary,baseline
2026-06-06,1202628,9900006632582,Cynthia Moya,347,282,established,baseline
2026-06-06,10617,0047048,Dave Gomez,645,488,established,baseline
2026-06-06,969513,9900000643843,Steve Flanigan,599,2528,established,baseline
2026-06-06,1301133,9900007751121,Danny Watson,553,37,preliminary,baseline
2026-06-06,1102829,9900005404722,Daniel Bailey,588,151,preliminary,baseline
2026-06-06,990424,9900004099509,Dan Walker,374,996,established,baseline
2026-06-06,1370182,9900008597445,Dakota Burns,369,196,preliminary,baseline
2026-06-06,1241687,9900007037188,Danny Malone,449,724,established,baseline
2026-06-06,1322529,9900007969168,David Healy,463,99,preliminary,baseline
2026-06-06,1234678,9900006959696,Curt Friedholdt,482,167,preliminary,baseline
2026-06-06,1319448,9900007938959,Dan Mittskus,480,126,preliminary,baseline
2026-06-06,1333717,9900008082361,Curt Nichols,468,123,preliminary,baseline
2026-06-06,1200520,9900006607061,Darren Thompson,275,52,preliminary,baseline
2026-06-06,1342737,9900008172772,Dan Marrs,402,117,preliminary,baseline
2026-06-06,1256872,9900007188132,Travis Villiere,533,37,preliminary,baseline
2026-06-06,1312608,9900007871386,Danene Yokeum,172,55,preliminary,baseline
2026-06-06,1352876,9900008427261,Cyrus Valencia,373,46,preliminary,baseline
2026-06-06,1138285,9900005769166,Daniel Norris,396,40,preliminary,baseline
2026-06-06,1372171,9900008617167,Dave Genevich,471,172,preliminary,baseline
2026-06-06,1351752,9900008416234,Crystalyn Bonura,215,119,preliminary,baseline
2026-06-06,1351751,9900008416227,Damian Bonura,333,154,preliminary,baseline
2026-06-06,1298074,9900007719077,Joel Rodriguez,517,567,established,baseline
2026-06-06,1107447,9900005452860,DEBBIE BALSLEY,346,116,preliminary,baseline
2026-06-06,1146323,9900005851526,David P Pappas,513,354,established,baseline
2026-06-06,1031686,9900004553940,Jeffrey Ewens,568,4958,established,baseline
2026-06-06,1014197,9900004348416,Donald Lowe,353,752,established,baseline
2026-06-06,857943,0227920,Dennis Rodgers,428,184,preliminary,baseline
2026-06-06,1114710,9900005525854,Derek Nykamp,394,177,preliminary,baseline
2026-06-06,1043757,9900004701655,Dennis Dillman,503,550,established,baseline
2026-06-06,737140,0327744,Denny Huynh,588,321,established,baseline
2026-06-06,972803,9900006672434,Fernando Corona,589,1434,established,baseline
2026-06-06,1130380,9900005686074,Deedar Dosanj,462,418,established,baseline
2026-06-06,972797,9900006823751,Donald Plotkin,534,455,established,baseline
2026-06-06,626213,0301684,David Motarjemi,439,2354,established,baseline
2026-06-06,1140019,9900005787917,Dennis Corneillie,568,847,established,baseline
2026-06-06,810232,0003060,David Wright,473,87,preliminary,baseline
2026-06-06,18996,0006922,Dave Howell,570,1894,established,baseline
2026-06-06,1182419,9900006322025,Desiree Baptist,336,90,preliminary,baseline
2026-06-06,1192477,9900006522760,Dennis Ratcliffe,506,52,preliminary,baseline
2026-06-06,1175757,9900006155814,David Zweig,559,52,preliminary,baseline
2026-06-06,1191033,9900006509280,Dominic Martinez,400,731,established,baseline
2026-06-06,1016162,9900004368759,Roy Gibson,530,135,preliminary,baseline
2026-06-06,1223409,9900006843001,jose nevarez,485,196,preliminary,baseline
2026-06-06,992921,9900004135627,Pom Rai,643,1537,established,baseline
2026-06-06,993198,9900004140799,David Jones,467,1807,established,baseline
2026-06-06,1099994,9900005375725,Derald Salaz,628,2028,established,baseline
2026-06-06,984914,9900004013109,Owen Crispin,635,6970,established,baseline
2026-06-06,1014345,9900004349970,Deb May,495,548,established,baseline
2026-06-06,1116382,9900005542714,Desiree Straign,419,552,established,baseline
2026-06-06,1262936,9900007249468,Vince Arellano,490,1588,established,baseline
2026-06-06,1130381,9900005685817,Dominick Gifford,499,691,established,baseline
2026-06-06,1370183,9900008598152,David Wilson,193,52,preliminary,baseline
2026-06-06,1117343,9900005552850,Ken Sciacca,424,760,established,baseline
2026-06-06,13722,0015785,Charles R Schafer,488,587,established,baseline
2026-06-06,13526,0252731,Dennis Mersman,601,1029,established,baseline
2026-06-06,987285,9900004050036,Derek Stringer,605,1052,established,baseline
2026-06-06,1002558,9900004218559,Dennis Jaramillo,523,810,established,baseline
2026-06-06,1315450,9900007898567,Derin Ozcelebi,482,58,preliminary,baseline
2026-06-06,1271565,9900007339183,Demetrio Silva,387,303,established,baseline
2026-06-06,1324690,9900007992623,David Thomas,542,45,preliminary,baseline
2026-06-06,1330328,9900008049012,Dean Kurcab,344,72,preliminary,baseline
2026-06-06,1186389,9900006461892,Jason Cowan,559,2541,established,baseline
2026-06-06,1324691,9900007992081,Dominick Grenier,590,2532,established,baseline
2026-06-06,1356573,9900008463900,Deepak Kirpalani,422,33,preliminary,baseline
2026-06-06,1354701,9900008445159,Dennis Gregory,214,88,preliminary,baseline
2026-06-06,1368895,9900008584629,David Sandoval,308,32,preliminary,baseline
2026-06-06,1293106,9900007568156,Devin Santana,503,56,preliminary,baseline
2026-06-06,1348822,9900008384748,Tim Piscopink,411,106,preliminary,baseline
2026-06-06,1356572,9900008463993,David Kinnison,401,68,preliminary,baseline
2026-06-06,1374464,9900008639824,Debbie Just,160,22,preliminary,baseline
2026-06-06,1099828,9900005374179,Dusti Prioux,354,461,established,baseline
2026-06-06,1054187,9900004816281,Don Swayne,514,2366,established,baseline
2026-06-06,786167,0243497,Dustin Sterling,521,3513,established,baseline
2026-06-06,1105175,9900005429022,Ed Powers,490,1150,established,baseline
2026-06-06,1073619,9900005096491,Emanuel Rodriguez,477,1121,established,baseline
2026-06-06,626542,0021925,Doug McAfee,502,3373,established,baseline
2026-06-06,880219,0301307,Kevin Orcutt,500,399,established,baseline
2026-06-06,1097520,9900005350715,Elias Ybarra,415,445,established,baseline
2026-06-06,1102831,9900005404746,Draven Whittaker,542,1175,established,baseline
2026-06-06,997914,9900004183567,Doug Conry,535,452,established,baseline
2026-06-06,15264,0301270,Ed Borrego,623,671,established,baseline
2026-06-06,736931,0286882,Drew Smedsrud,545,1157,established,baseline
2026-06-06,1082188,9900005188103,Doug Fisher,450,1470,established,baseline
2026-06-06,1041870,9900004689373,Dre Nguyen,548,440,established,baseline
2026-06-06,1126379,9900005645231,Donivan Montoya,534,670,established,baseline
2026-06-06,1107451,9900005452907,Katherine Jensen,327,773,established,baseline
2026-06-06,1333726,9900008082453,Moses Hauk,333,297,established,baseline
2026-06-06,1095812,9900005333480,Doug Ramirez,441,99,preliminary,baseline
2026-06-06,1111134,9900005489422,Ellen Canchola,371,34,preliminary,baseline
2026-06-06,1123357,9900005614763,Don Gould,438,309,established,baseline
2026-06-06,1090597,9900005279450,Edgardo Venegas,522,1123,established,baseline
2026-06-06,1191282,9900006511597,Eduardo Moreno,480,373,established,baseline
2026-06-06,1058917,9900004867689,Eddie Garcia,558,225,established,baseline
2026-06-06,1156046,9900005950090,John Becker,482,883,established,baseline
2026-06-06,1047304,9900004746816,Dustin Ratcliff,452,83,preliminary,baseline
2026-06-06,1179323,9900006292168,Dustin Acenas,555,159,preliminary,baseline
2026-06-06,1166135,9900006052823,Don Duprez,511,798,established,baseline
2026-06-06,972799,9900006162751,Duane Muterspaugh,454,985,established,baseline
2026-06-06,1240328,9900007024560,Tony Brooks,397,532,established,baseline
2026-06-06,1104689,9900005423808,DUSTIN SCHLICK,529,539,established,baseline
2026-06-06,625589,0313286,Dwayne Wright,489,407,established,baseline
2026-06-06,972788,9900005219883,Dustin Mccall,531,332,established,baseline
2026-06-06,1114162,9900005520781,Eli Haskell,437,1138,established,baseline
2026-06-06,625676,9900000386597,Ed Sena,506,470,established,baseline
2026-06-06,1115342,9900005532173,Dustin Trujillo,579,515,established,baseline
2026-06-06,1302619,9900007768181,Mark Maramba,492,303,established,baseline
2026-06-06,1273607,9900007359709,Elijah Hall,452,354,established,baseline
2026-06-06,1347083,9900008217688,Don Nguyen,334,225,established,baseline
2026-06-06,1205037,9900006651873,Duke Marion IV,526,1671,established,baseline
2026-06-06,1201110,9900006612720,Eli Fredrickson,440,90,preliminary,baseline
2026-06-06,1280158,9900007427675,Don Sabater,515,196,preliminary,baseline
2026-06-06,1308625,9900007829516,Doug Lapar,325,132,preliminary,baseline
2026-06-06,1213993,9900006741765,D'von Garcia,476,1028,established,baseline
2026-06-06,1322531,9900007969397,Elijah Moore,393,39,preliminary,baseline
2026-06-06,1135685,9900005745658,Donovan Trujillo,472,232,established,baseline
2026-06-06,1322530,9900007969311,Eduardo Torrealba,477,25,preliminary,baseline
2026-06-06,1350955,9900008406983,Dylan Dragoman,344,207,established,baseline
2026-06-06,1102832,9900005404753,Dylan Jennings,500,456,established,baseline
2026-06-06,972873,9900006742045,Ryan Ocelnik,454,1574,established,baseline
2026-06-06,1210493,9900006706665,Donn Ellington,549,514,established,baseline
2026-06-06,1300133,9900007741306,Earl Cooley,363,21,preliminary,baseline
2026-06-06,1327980,9900008025160,Dustin Trevathan,372,52,preliminary,baseline
2026-06-06,975843,9900005904321,Ernie Romero,509,727,established,baseline
2026-06-06,1013343,9900004337540,Fred Musheno,548,192,preliminary,baseline
2026-06-06,16376,0000258,Flats Lujan,562,831,established,baseline
2026-06-06,16122,0123502,Floyd Farr,623,626,established,baseline
2026-06-06,767806,9900000386665,Frank Baca,648,307,established,baseline
2026-06-06,862528,0239329,Eric Apodaca,521,493,established,baseline
2026-06-06,11158,0038676,Gabe Talmadge,414,157,preliminary,baseline
2026-06-06,1119550,9900005575521,Ethan Bankston,352,67,preliminary,baseline
2026-06-06,716381,0166089,Gabe Ayala,641,1706,established,baseline
2026-06-06,1157192,9900005961386,Francisco Herrera,521,699,established,baseline
2026-06-06,1180993,9900006308821,Frank Medina,475,823,established,baseline
2026-06-06,799229,0280529,Eugene Min,549,980,established,baseline
2026-06-06,843136,9900003012677,Fred Lopez,475,889,established,baseline
2026-06-06,839399,0280527,Fred Cobb,409,935,established,baseline
2026-06-06,1184037,9900006438276,Gabe Manzanares,623,168,preliminary,baseline
2026-06-06,1186386,9900006461953,Erik Voigt,366,16,preliminary,baseline
2026-06-06,1245234,9900007072721,Gabriel Carr,457,218,established,baseline
2026-06-06,1363081,9900008527602,Eric Hughes,425,149,preliminary,baseline
2026-06-06,1349358,9900008391142,Ryan Myers,80,66,preliminary,baseline
2026-06-06,12806,0036041,Frank Urbaniak,662,4886,established,baseline
2026-06-06,1100509,9900005380163,Fernando Loma Jr,534,255,established,baseline
2026-06-06,1235150,9900006967905,Eric Hurtado,467,424,established,baseline
2026-06-06,1264787,9900007269459,Erika Ortega,251,158,preliminary,baseline
2026-06-06,1152950,9900005921021,Catherine Romero,388,368,established,baseline
2026-06-06,1116921,9900005548532,Eric Goodwin,573,736,established,baseline
2026-06-06,670346,0218264,Ernie Dorrance,475,1092,established,baseline
2026-06-06,826475,0253104,Eric Wagner,583,2042,established,baseline
2026-06-06,1135309,9900005739275,Erica Mattson,295,45,preliminary,baseline
2026-06-06,1315455,9900007898833,Evan Keown,388,10,preliminary,baseline
2026-06-06,15229,0245478,Mike Ellis,603,1757,established,baseline
2026-06-06,1245587,9900007076026,Eric Ruff,420,802,established,baseline
2026-06-06,1046163,9900004735650,Erika Charlifoux,268,395,established,baseline
2026-06-06,1234213,9900006951041,Erica Rivera,254,119,preliminary,baseline
2026-06-06,1317553,9900007919729,eugene minton,239,80,preliminary,baseline
2026-06-06,1289544,9900007530382,Fransisco Sotelo,526,365,established,baseline
2026-06-06,1345437,9900008198772,Fernando Frias,468,105,preliminary,baseline
2026-06-06,1315454,9900007899052,Ethan Clemens,304,73,preliminary,baseline
2026-06-06,1345999,9900008205074,Frank Volpe,405,304,established,baseline
2026-06-06,1365706,9900008553120,Garrett Hamlin,204,18,preliminary,baseline
2026-06-06,1345436,9900008198918,Evan Hoke,344,36,preliminary,baseline
2026-06-06,1028713,9900004525923,Ernest Castillo,410,1586,established,baseline
2026-06-06,1313496,9900007879610,Eric Brookhouser,328,45,preliminary,baseline
2026-06-06,730449,0223668,Gary Reichmuth,517,403,established,baseline
2026-06-06,1375912,9900008653820,Gary Harmon,431,40,preliminary,baseline
2026-06-06,1057634,9900004851398,Kathy Chane,434,2581,established,baseline
2026-06-06,1124938,9900005629750,Jared Giambaivo,452,579,established,baseline
2026-06-06,749813,0302228,Greg Way,710,211,established,baseline
2026-06-06,1119162,9900005571752,GREG ARRABIT,520,1241,established,baseline
2026-06-06,987149,9900004047791,Harley Davis,455,614,established,baseline
2026-06-06,828584,0007772,Harvey Wilford,552,1350,established,baseline
2026-06-06,1106897,9900005447125,Gio greenlee,388,55,preliminary,baseline
2026-06-06,1095164,9900005326871,"Howard ""Howie"" Norman",521,413,established,baseline
2026-06-06,979191,0389098,Geoff Rice,652,2192,established,baseline
2026-06-06,11381,0001858,Greg Romero,658,3114,established,baseline
2026-06-06,1133845,9900005724424,Isaac Garza,440,114,preliminary,baseline
2026-06-06,1131328,9900005696042,Joel Rainwater,438,271,established,baseline
2026-06-06,654428,9900000319588,Hoyt Claybaugh,510,1677,established,baseline
2026-06-06,1200712,9900006609089,Henry Diehl,552,672,established,baseline
2026-06-06,1137548,9900005761405,George Gutierrez,429,103,preliminary,baseline
2026-06-06,1135319,9900005739336,George Romero,474,8,preliminary,baseline
2026-06-06,930682,9900000318871,Gregory Dutton,621,2617,established,baseline
2026-06-06,1012049,9900004324113,Hayley Schulz,308,576,established,baseline
2026-06-06,1143740,9900005825459,Greg Gallegos,409,422,established,baseline
2026-06-06,766188,0301306,Homero Munoz,497,235,established,baseline
2026-06-06,1022931,9900004452250,Greg Mondani,593,376,established,baseline
2026-06-06,1021239,9900004434256,Gene Wright,523,672,established,baseline
2026-06-06,1014688,9900004353588,Ian Morrison,379,753,established,baseline
2026-06-06,1067722,9900005038941,Greg Bachicha,446,792,established,baseline
2026-06-06,1196586,9900006567327,Greg Cook,482,567,established,baseline
2026-06-06,689725,9900003266681,Heath Thomsen,493,811,established,baseline
2026-06-06,1294299,9900007579596,Gerardo Gonzalez,498,454,established,baseline
2026-06-06,1252745,9900007148075,Israel Herrera,384,41,preliminary,baseline
2026-06-06,1168851,9900006083216,Greg Trujillo Jr,422,245,established,baseline
2026-06-06,1286280,9900007493618,Holly Knepp,399,130,preliminary,baseline
2026-06-06,1204166,9900006643496,Gerrod Lujan,560,576,established,baseline
2026-06-06,720681,0251778,Holly Figueroa,499,2263,established,baseline
2026-06-06,18986,0060808,Greg Kingsbury,602,893,established,baseline
2026-06-06,1306184,9900007804155,Nick Delacruz,524,365,established,baseline
2026-06-06,1291011,9900007547472,Mario Martinez,499,290,established,baseline
2026-06-06,1054113,9900004815734,Issac Garcia,421,578,established,baseline
2026-06-06,1301134,9900007751534,Gianni Chacon,397,8,preliminary,baseline
2026-06-06,1044441,9900004711043,Ismael Garcia,538,1575,established,baseline
2026-06-06,1315457,9900007899113,Harley Ohlinger,239,8,preliminary,baseline
2026-06-06,1257700,9900007197233,Gina Thurber,338,533,established,baseline
2026-06-06,1324692,9900007992135,George Billings,312,21,preliminary,baseline
2026-06-06,1315456,9900007899069,Gobin Magar,465,105,preliminary,baseline
2026-06-06,1343637,9900008181392,Gordon Hubbell,449,109,preliminary,baseline
2026-06-06,1305615,9900007799024,Ian Rushing,293,817,established,baseline
2026-06-06,1313374,9900007878354,Harsha Gondi,349,41,preliminary,baseline
2026-06-06,693991,0271872,Mike Fertal,449,515,established,baseline
2026-06-06,1160262,9900005992496,Horasio Partida,428,83,preliminary,baseline
2026-06-06,1250362,9900007120866,ian hughes,404,128,preliminary,baseline
2026-06-06,1338765,9900008133261,Graham Tipton,297,247,established,baseline
2026-06-06,1274328,9900007369579,Ivan Dedi,429,217,established,baseline
2026-06-06,1370189,9900008597940,Hunter Faddis,340,21,preliminary,baseline
2026-06-06,667568,0307446,Tyler Olds,545,509,established,baseline
2026-06-06,1142974,9900005817430,Marissa Campos,408,1024,established,baseline
2026-06-06,1381771,9900008710745,John Eubanks,392,57,preliminary,baseline
2026-06-06,1095814,9900005333503,James Archuleta,501,828,established,baseline
2026-06-06,18325,0092367,Jason McClure,572,1239,established,baseline
2026-06-06,1111136,9900005488920,JAMES LASS,506,591,established,baseline
2026-06-06,985213,9900004019958,Jaime Ruiz,544,169,preliminary,baseline
2026-06-06,995109,9900004165693,James Bennett,488,885,established,baseline
2026-06-06,1282295,9900007451441,Woody Lowder,539,828,established,baseline
2026-06-06,1099995,9900005375381,Jassir Hansen,432,211,established,baseline
2026-06-06,1197422,9900006575667,Janette Kallsen,79,34,preliminary,baseline
2026-06-06,1073517,9900005095449,Jake McClain,521,1448,established,baseline
2026-06-06,986284,9900004036627,James Salazar,599,631,established,baseline
2026-06-06,1268127,9900007304556,Jake Olivas,460,133,preliminary,baseline
2026-06-06,1119364,9900005574173,Jacob Casados,587,1865,established,baseline
2026-06-06,1347084,9900008217619,Jason Gardner,262,11,preliminary,baseline
2026-06-06,1173555,9900006132006,Jason Karner,405,133,preliminary,baseline
2026-06-06,1187042,9900006468983,James Hunt,392,1293,established,baseline
2026-06-06,866188,0023372,James Beckemeyer,600,1096,established,baseline
2026-06-06,965947,0181956,Jack Chen,576,706,established,baseline
2026-06-06,1186388,9900006461762,Jahnzel Sevadera,599,427,established,baseline
2026-06-06,1071605,9900005075502,Jarrin Yeary,491,5,preliminary,baseline
2026-06-06,1181563,9900006314426,Jared Hodison,534,581,established,baseline
2026-06-06,1144683,9900005834925,Jack Laney,269,1259,established,baseline
2026-06-06,1121246,9900005593303,Jaime Rech,465,895,established,baseline
2026-06-06,1196587,9900006567143,Jayden Moore,348,321,established,baseline
2026-06-06,1210828,9900006709857,Jamie Crouch,389,508,established,baseline
2026-06-06,1233472,9900006943480,Jake Russell,440,591,established,baseline
2026-06-06,1254514,9900007164761,James Ghaffari,461,69,preliminary,baseline
2026-06-06,1143742,9900005825367,Kris Bisram,489,120,preliminary,baseline
2026-06-06,1234676,9900006959689,Jason E Brown,468,435,established,baseline
2026-06-06,992920,9900004136006,Jason Schwab,521,301,established,baseline
2026-06-06,1149641,9900005888188,Anthony Diaz,322,740,established,baseline
2026-06-06,1301136,9900007751350,Jay Clark,412,74,preliminary,baseline
2026-06-06,1256459,9900007184240,Jay Brown,438,94,preliminary,baseline
2026-06-06,1319451,9900007939697,James Murray,343,85,preliminary,baseline
2026-06-06,17608,0237753,Jacob Mitchell,597,278,established,baseline
2026-06-06,983785,9900003998018,Yogendra Gautam,403,364,established,baseline
2026-06-06,1140018,9900005787603,Dave Maestas,527,973,established,baseline
2026-06-06,1377108,9900008664895,Jesse Frey,440,88,preliminary,baseline
2026-06-06,1256448,9900007184585,Jake Hrovat,384,303,established,baseline
2026-06-06,1259752,9900007217801,Melvis Forkner,460,415,established,baseline
2026-06-06,1095829,9900005333640,Marcus Damian,355,110,preliminary,baseline
2026-06-06,1141895,9900005807400,Katie Shaffer,527,5,preliminary,baseline
2026-06-06,1002862,9900004223706,James Garrtano,448,667,established,baseline
2026-06-06,1365708,9900008553618,Jacob Latham,449,38,preliminary,baseline
2026-06-06,1319453,9900007939741,Jason Mott,572,506,established,baseline
2026-06-06,1368896,9900008584636,James Cardenas,386,40,preliminary,baseline
2026-06-06,1126104,9900005642247,Jason Flowers,535,887,established,baseline
2026-06-06,795219,0121288,Steve Northam,609,7636,established,baseline
2026-06-06,700471,0309426,Jeremiah Gage,685,3194,established,baseline
2026-06-06,1108146,9900005459531,Pascal Laos,468,1618,established,baseline
2026-06-06,987159,9900004048224,Jennifer Sosa,415,343,established,baseline
2026-06-06,14343,0015832,Jim McCrary,590,1438,established,baseline
2026-06-06,1113419,9900005513837,Roland Graham,418,617,established,baseline
2026-06-06,927186,9900003380530,Jeff Ward,542,1463,established,baseline
2026-06-06,644649,0292559,Jeremy Bloedon,558,1904,established,baseline
2026-06-06,986285,0403624,Jerry Pinta,548,2441,established,baseline
2026-06-06,12463,0017165,Jim Trujillo,532,197,preliminary,baseline
2026-06-06,623667,9900004085328,JB Poullard,463,941,established,baseline
2026-06-06,1105181,9900005429084,Jessica Knapp,321,39,preliminary,baseline
2026-06-06,1313381,9900007878323,manuel martinez,457,89,preliminary,baseline
2026-06-06,750298,0005460,Jay Wiley,559,494,established,baseline
2026-06-06,1014196,9900004348188,Jeffery Unrein,312,434,established,baseline
2026-06-06,1160077,9900005990270,Jim Beesinger,474,146,preliminary,baseline
2026-06-06,1329051,9900008036593,Jesus Perez,378,36,preliminary,baseline
2026-06-06,1170442,9900006099781,Jericho Britton,-90,27,preliminary,baseline
2026-06-06,1345441,9900008199045,Jennifer Griffin,337,33,preliminary,baseline
2026-06-06,1013381,9900004339094,Jeff Shepard,612,575,established,baseline
2026-06-06,1186390,9900006460963,Jerry Montoya,492,443,established,baseline
2026-06-06,1028645,9900004521253,Jeff Clark,520,707,established,baseline
2026-06-06,1186007,9900006457963,Jeremiah Conklin,290,776,established,baseline
2026-06-06,774157,0294632,Roberta Lewin,456,115,preliminary,baseline
2026-06-06,1212371,9900006724553,Jeremy Watt,454,228,established,baseline
2026-06-06,771346,0318815,Jeffrey Bradshaw,433,280,established,baseline
2026-06-06,1162457,9900006015231,Jim Schultz,599,402,established,baseline
2026-06-06,1015496,9900004362894,Brayden Wiley,409,489,established,baseline
2026-06-06,1073668,9900005096965,Kathie Stecker,379,1157,established,baseline
2026-06-06,1140022,9900005788051,Jerry Price,366,231,established,baseline
2026-06-06,1017058,9900004380560,Jeff Barnard,517,2297,established,baseline
2026-06-06,1245566,9900007075845,Jim Daniels,488,647,established,baseline
2026-06-06,1307239,9900007814987,Jimmy Benner,438,73,preliminary,baseline
2026-06-06,1022316,9900004445184,jimmy muniz,545,184,preliminary,baseline
2026-06-06,886355,0043891,Jeff Fugal,583,1670,established,baseline
2026-06-06,1315460,9900007898918,Jim Cole,507,638,established,baseline
2026-06-06,1315459,9900007898970,Jenn Daya,424,381,established,baseline
2026-06-06,1100346,9900005379556,Jimmy Vo,464,488,established,baseline
2026-06-06,1315458,9900007899014,Jeff Salazar,322,44,preliminary,baseline
2026-06-06,1319454,9900007939192,Jeff Tulip,434,20,preliminary,baseline
2026-06-06,1104691,9900005423761,JESSE MARTINEZ,431,66,preliminary,baseline
2026-06-06,722656,0321897,Jessica Macks,405,100,preliminary,baseline
2026-06-06,1348813,9900008384588,Jessi Archer,423,38,preliminary,baseline
2026-06-06,1343674,9900008182122,Jerry Henderson,356,282,established,baseline
2026-06-06,1014199,9900004348201,Jesse Roy,354,220,established,baseline
2026-06-06,1239484,9900007015834,Jed Lehosky,512,410,established,baseline
2026-06-06,1254035,9900007159842,Prahlad Kannojoo,324,241,established,baseline
2026-06-06,1370210,9900008598008,Olman Quiros,458,32,preliminary,baseline
2026-06-06,1111138,9900005489644,Joe Eusoof,490,4597,established,baseline
2026-06-06,1106906,9900005447552,Shawn pavlovich,473,126,preliminary,baseline
2026-06-06,971834,0160705,John Kolb,546,936,established,baseline
2026-06-06,1022317,9900004444866,Joel Baca,556,678,established,baseline
2026-06-06,1118923,9900005569339,John Baca,510,1327,established,baseline
2026-06-06,1236046,9900006980973,Chuck Shafer,373,75,preliminary,baseline
2026-06-06,1121054,9900005591149,John Weatherbee,302,8,preliminary,baseline
2026-06-06,775832,0147215,John Roy,548,1317,established,baseline
2026-06-06,15865,0038701,Jodi Talmadge,303,171,preliminary,baseline
2026-06-06,1043482,9900004698498,John Ervin,362,186,preliminary,baseline
2026-06-06,1158680,9900005976526,John Rotola,527,585,established,baseline
2026-06-06,935957,9900003107731,Joey Robinson-Ridings,493,1415,established,baseline
2026-06-06,1341583,9900008160274,Joe Johnson,450,64,preliminary,baseline
2026-06-06,1295505,9900007592236,Karla Travis,312,9,preliminary,baseline
2026-06-06,1308631,9900007829745,Kevin Hall,295,174,preliminary,baseline
2026-06-06,1022928,9900004452663,John Bonewitz,525,1290,established,baseline
2026-06-06,1009680,9900004299176,JJ Martell,630,2438,established,baseline
2026-06-06,1145387,9900005841770,Joey Mestas,557,84,preliminary,baseline
2026-06-06,18432,0166129,Joe Rodriguez,489,392,established,baseline
2026-06-06,1239727,9900007018705,Johanna Graclik,461,166,preliminary,baseline
2026-06-06,1174689,9900006144429,John Cherry,456,20,preliminary,baseline
2026-06-06,1009700,9900004299367,Joann Ray,383,2073,established,baseline
2026-06-06,1189037,9900006488622,Joe Campana,562,2497,established,baseline
2026-06-06,12802,0114213,John Davalos,452,1901,established,baseline
2026-06-06,989952,9900004092692,John Schuckman,504,824,established,baseline
2026-06-06,1239085,9900007011324,Jonathan Argumedo,389,85,preliminary,baseline
2026-06-06,972821,9900005316971,Joe Richards,654,501,established,baseline
2026-06-06,979192,0346655,John Rolston,503,4041,established,baseline
2026-06-06,18568,0128516,Johnny (Bass) Sandifer,641,4559,established,baseline
2026-06-06,1100548,9900005381689,Jonathan Lopez Sandoval,683,1642,established,baseline
2026-06-06,1202833,9900006629469,Larry Hazeltine,344,42,preliminary,baseline
2026-06-06,1135302,9900005739220,Johnny Grimaldo,462,549,established,baseline
2026-06-06,1059297,9900004871365,Larry Huckleberry,443,1767,established,baseline
2026-06-06,1310532,9900007849422,Jolena Thompson,299,43,preliminary,baseline
2026-06-06,18761,0129989,Joe Ross,593,510,established,baseline
2026-06-06,1179335,9900006291789,Joe Yost,365,39,preliminary,baseline
2026-06-06,942474,0331893,Joey Smith,475,1941,established,baseline
2026-06-06,17596,0015765,Lee Houchin,472,117,preliminary,baseline
2026-06-06,1370196,9900008597513,Jonathan Reed,505,25,preliminary,baseline
2026-06-06,1141195,9900005799705,Joe Gallardo,436,592,established,baseline
2026-06-06,1383371,9900008726746,Jj Rivera,39,20,preliminary,baseline
2026-06-06,1064707,9900005009934,Rudy Martinez,427,570,established,baseline
2026-06-06,1381738,9900008710417,Jonathan Palmer,334,10,preliminary,baseline
2026-06-06,1022019,9900004443005,Jose Erives,603,2171,established,baseline
2026-06-06,972831,9900005598827,Jose Loma,682,3038,established,baseline
2026-06-06,712114,0306890,Matt Courtney,567,843,established,baseline
2026-06-06,1010090,9900004303095,Juan Baeza,549,720,established,baseline
2026-06-06,1121055,9900005591088,Jon Glennon,470,590,established,baseline
2026-06-06,1095819,9900005333558,Joseph Kuhlemy,500,642,established,baseline
2026-06-06,1296138,9900007598955,Joseph Elliott,474,285,established,baseline
2026-06-06,1107450,9900005452952,JOSH CZARNEK,435,581,established,baseline
2026-06-06,1160215,9900005992328,Juan Solis,525,191,preliminary,baseline
2026-06-06,1202828,9900006629155,Julien Ortega,500,267,established,baseline
2026-06-06,1341584,9900008160632,Juan Reyes,495,116,preliminary,baseline
2026-06-06,1091455,9900005288230,Jordan Ortega,531,179,preliminary,baseline
2026-06-06,1284628,9900007477144,travis gibson,436,261,established,baseline
2026-06-06,818302,0321691,Justin M Stewart,596,2890,established,baseline
2026-06-06,1191690,9900006514437,Josh Young,407,61,preliminary,baseline
2026-06-06,1281273,9900007439524,Ronald Kafer,267,483,established,baseline
2026-06-06,1166409,9900006056036,Jordan Pelzer,385,801,established,baseline
2026-06-06,1228924,9900006898070,Joshua Ford,509,580,established,baseline
2026-06-06,1090602,9900005279504,Julie Dodge,447,1152,established,baseline
2026-06-06,10589,9900002776112,Jose Manuel Avalos,626,3176,established,baseline
2026-06-06,1233159,9900006939667,Jordyn Abernathy,455,245,established,baseline
2026-06-06,1274937,9900007373958,Jordan Tiona,390,351,established,baseline
2026-06-06,1324546,9900007991473,JORDAN MONTNEY,331,9,preliminary,baseline
2026-06-06,985241,9900004019682,Juan Perez,598,1008,established,baseline
2026-06-06,996718,9900004177085,Josh Christianson,509,1729,established,baseline
2026-06-06,1290904,9900007545133,Evan Olson,384,419,established,baseline
2026-06-06,1232366,9900006785721,Joseph R Smith,464,1389,established,baseline
2026-06-06,1260275,9900007223840,Jordan Foxx,458,651,established,baseline
2026-06-06,1296844,9900007706947,Jose Ramirez,546,506,established,baseline
2026-06-06,1160575,9900005995923,JR Rodriguez,542,938,established,baseline
2026-06-06,737678,0308295,Jose Cruz,682,2973,established,baseline
2026-06-06,1329699,9900008042785,Jorge Macias,345,88,preliminary,baseline
2026-06-06,1327025,9900008016434,Joshua Judd,570,20,preliminary,baseline
2026-06-06,1274923,9900007373828,Jovanka Mersman,289,32,preliminary,baseline
2026-06-06,1184523,9900006443744,Josh Clemons,363,119,preliminary,baseline
2026-06-06,1273215,9900007356517,Justin Stewart,528,471,established,baseline
2026-06-06,1256871,9900007188262,Toni Blaisdell,458,259,established,baseline
2026-06-06,1241895,9900007039410,Josette Rivera,350,183,preliminary,baseline
2026-06-06,1293107,9900007567906,Josh Frecks,286,73,preliminary,baseline
2026-06-06,1241128,9900007033135,Josh Rottschaefer,529,559,established,baseline
2026-06-06,1219920,9900006803753,Josh Messmore,509,409,established,baseline
2026-06-06,1348817,9900008384816,Jordan Chadrick,285,20,preliminary,baseline
2026-06-06,1345451,9900008198857,Robert MacRi,414,334,established,baseline
2026-06-06,1374481,9900008639633,Juan Alvarez,489,15,preliminary,baseline
2026-06-06,1389052,9900008782360,Joshua Simpson,449,32,preliminary,baseline
2026-06-06,1105184,9900005428551,Kat Plavnick,448,1341,established,baseline
2026-06-06,1117387,9900005553246,Kennyth Juarez,554,1668,established,baseline
2026-06-06,1014192,9900004348140,Keith Hardman,551,1603,established,baseline
2026-06-06,1029985,9900004535373,Ken Murphy,454,458,established,baseline
2026-06-06,1351577,9900008414575,Kris Clark,468,108,preliminary,baseline
2026-06-06,852126,0166168,Nicole Montoya,139,10,preliminary,baseline
2026-06-06,623491,9900005938999,Kiko Ibarra,639,793,established,baseline
2026-06-06,1111140,9900005489002,Kim Swenson,290,36,preliminary,baseline
2026-06-06,846905,0307401,Kevin Palmer,452,276,established,baseline
2026-06-06,1301139,9900007751787,Mustafa Neemuchwala,298,37,preliminary,baseline
2026-06-06,990303,9900004097918,Kevin B Wright Jr,531,837,established,baseline
2026-06-06,1090688,9900005280487,Krishna Kumar,581,1020,established,baseline
2026-06-06,1131330,9900005696059,Kelly Majka,280,119,preliminary,baseline
2026-06-06,11763,0038725,Keith Cavaliere,542,385,established,baseline
2026-06-06,1093892,9900005314076,Ken Klosterman,540,583,established,baseline
2026-06-06,972837,9900005317633,Kevin Blackstock,623,900,established,baseline
2026-06-06,1102837,9900005404807,Kris Breth,524,1243,established,baseline
2026-06-06,1093527,9900005310030,Kelly Kirkpatrick,452,869,established,baseline
2026-06-06,1106165,9900005439069,Kyle Wilson,559,150,preliminary,baseline
2026-06-06,651957,0301265,Karl Mendez,419,383,established,baseline
2026-06-06,626601,9900000453213,Karl Hutcheson,542,402,established,baseline
2026-06-06,1374484,9900008639558,Kelly Stiefel,618,63,preliminary,baseline
2026-06-06,1082151,9900005187342,Kiki Rivera,574,1573,established,baseline
2026-06-06,1102208,9900005398793,Kim Majerus,463,2169,established,baseline
2026-06-06,1150094,9900005890297,Kyle Tjader,530,829,established,baseline
2026-06-06,17399,0038728,Kevin Williams,584,335,established,baseline
2026-06-06,1202830,9900006629391,Kristen Krause,416,69,preliminary,baseline
2026-06-06,712234,0171638,Kevin Gendill,541,761,established,baseline
2026-06-06,1242217,9900007042670,Kevin Lytle,427,196,preliminary,baseline
2026-06-06,762932,9900003162945,Kris Pipkin,589,650,established,baseline
2026-06-06,1232310,9900006932125,Luis Martinez,427,264,established,baseline
2026-06-06,1308630,9900007829974,Keenon Babcock,461,503,established,baseline
2026-06-06,1331362,9900008059219,Kaylynn Bird,218,147,preliminary,baseline
2026-06-06,1241920,9900007039601,Kelly Draper,375,405,established,baseline
2026-06-06,1315462,9900007898222,Kimberly Smith,418,61,preliminary,baseline
2026-06-06,1121979,9900005600513,Ken Martinez,531,1245,established,baseline
2026-06-06,1105699,9900005433272,KATIE PROCK,315,106,preliminary,baseline
2026-06-06,1296997,9900007708569,Konrad Johnson,331,168,preliminary,baseline
2026-06-06,693386,0233553,Kevin Bradley,518,1754,established,baseline
2026-06-06,1256345,9900007182864,Matt Valdez,621,768,established,baseline
2026-06-06,789066,0264614,Kristine Douglas,423,876,established,baseline
2026-06-06,1370203,9900008597988,Kyle Kuklinski,110,20,preliminary,baseline
2026-06-06,1362871,9900008526384,Kennan Ogle,335,50,preliminary,baseline
2026-06-06,842807,0152859,KJ Alvaro,441,327,established,baseline
2026-06-06,1135320,9900005739343,Kevin Santiesteban,467,239,established,baseline
2026-06-06,1274932,9900007373903,Kyle Rein,486,35,preliminary,baseline
2026-06-06,1302636,9900007768617,Kevin Flake,474,147,preliminary,baseline
2026-06-06,1216220,9900006763927,Marshall McAfee,520,1716,established,baseline
2026-06-06,1391745,9900008805410,Kit Dietterich,421,38,preliminary,baseline
2026-06-06,978347,9900008331643,Loree Lemaster,288,152,preliminary,baseline
2026-06-06,1090606,9900005279542,Lucas Taylor,666,1685,established,baseline
2026-06-06,1039860,9900004656368,Lee Urbaniak,587,4009,established,baseline
2026-06-06,1031181,9900004548236,Manuel Gonzales,577,370,established,baseline
2026-06-06,625774,0262664,Larry Romero,667,1724,established,baseline
2026-06-06,1013165,9900004336673,Manuel Barros,577,417,established,baseline
2026-06-06,1073682,9900005097153,Luis Altamirano,512,643,established,baseline
2026-06-06,927529,0339230,Leon Vigil,582,443,established,baseline
2026-06-06,1130388,9900005686500,MARCUS MIRAMONTES,504,48,preliminary,baseline
2026-06-06,1134628,9900005732573,Logan Lubischer,364,921,established,baseline
2026-06-06,1133177,9900005716948,Larry Valdez,473,389,established,baseline
2026-06-06,1137551,9900005761382,Levi Garner,429,62,preliminary,baseline
2026-06-06,755032,9900003204393,Larry Unger,505,2169,established,baseline
2026-06-06,807014,0250343,Lara Doty,448,1949,established,baseline
2026-06-06,1008294,9900004285063,Laura Orlikoff,340,960,established,baseline
2026-06-06,1209697,9900006698960,Lloyd Scott,450,546,established,baseline
2026-06-06,1168854,9900006083476,Madelyn Whelan,233,308,established,baseline
2026-06-06,644198,0318965,Lorelyn Glapion,370,607,established,baseline
2026-06-06,875472,0178960,Leo Perales,512,410,established,baseline
2026-06-06,1174691,9900006144993,Lorri campbell,391,287,established,baseline
2026-06-06,1174690,9900006144795,Leo Calderon,342,54,preliminary,baseline
2026-06-06,1202498,9900006626734,Marco Tony Caballeros,349,750,established,baseline
2026-06-06,1245573,9900007075890,Linda Olivette,313,302,established,baseline
2026-06-06,1245224,9900007072646,Leo Lucero,467,873,established,baseline
2026-06-06,1179339,9900006291529,Leo Rowland,511,183,preliminary,baseline
2026-06-06,972848,9900004550789,Manuel Gonzales IV,582,1510,established,baseline
2026-06-06,1023816,9900004463645,Micheal Queen,482,997,established,baseline
2026-06-06,632782,9900002182876,Manuel Torres,563,131,preliminary,baseline
2026-06-06,1199064,9900006592565,Lyndl Navarrete,439,347,established,baseline
2026-06-06,695023,9900002993595,Laura Smith,569,2018,established,baseline
2026-06-06,1241908,9900007039502,Lawrence Cremean,461,157,preliminary,baseline
2026-06-06,1273774,9900007362587,Lincoln Neues,217,53,preliminary,baseline
2026-06-06,1133618,9900005721812,Linda Andrews,393,799,established,baseline
2026-06-06,1268483,9900007310427,Mack Bonilla,436,228,established,baseline
2026-06-06,1135289,9900005739138,Lawrence Anaya,469,520,established,baseline
2026-06-06,1120830,9900005588965,Seena Kim,521,1871,established,baseline
2026-06-06,1048247,9900004756396,Juan Cruz,505,1093,established,baseline
2026-06-06,1324695,9900007992111,Lukas Huff,374,32,preliminary,baseline
2026-06-06,813288,0326641,Lamarcus Taylor,387,19,preliminary,baseline
2026-06-06,1329788,9900008047483,Manoj Tanga,437,256,established,baseline
2026-06-06,1347085,9900008217961,Lindsey May,307,132,preliminary,baseline
2026-06-06,1195541,9900006556383,Manuel Jr Torres,459,143,preliminary,baseline
2026-06-06,1239086,9900007011393,Leo Hurtado,352,22,preliminary,baseline
2026-06-06,1134629,9900005732665,Mark Lubischer,405,1344,established,baseline
2026-06-06,688463,0307405,Maria Finley,457,3044,established,baseline
2026-06-06,1095832,9900005333671,Max Gallegos,490,727,established,baseline
2026-06-06,972854,9900004603706,Matthew Winfield,657,2713,established,baseline
2026-06-06,978349,9900005430486,Mary Trujillo-Vasquez,471,718,established,baseline
2026-06-06,1086751,9900005240023,James Carlan,490,1670,established,baseline
2026-06-06,902437,0275662,Mark Fronzaglia,578,2227,established,baseline
2026-06-06,823554,0316295,Michael Krahl,618,259,established,baseline
2026-06-06,1122653,9900005607529,Matt Lemmo,320,53,preliminary,baseline
2026-06-06,10821,0171522,Melissa Little,648,2801,established,baseline
2026-06-06,1068834,9900005050240,Maria Crispin,305,832,established,baseline
2026-06-06,1129522,9900005678406,Matthew Branson,452,599,established,baseline
2026-06-06,1179341,9900006292007,Martha Candelaria,342,1224,established,baseline
2026-06-06,1023382,9900003906969,Matt Burns,521,2579,established,baseline
2026-06-06,1155114,9900005940459,LuLu Priddy,350,454,established,baseline
2026-06-06,1088315,9900005255706,Matt Kotin,526,287,established,baseline
2026-06-06,1189040,9900006488660,Mario Zimmerman,436,180,preliminary,baseline
2026-06-06,1260549,9900007226278,Jamie Caron,472,187,preliminary,baseline
2026-06-06,1073700,9900005097245,Nathan Smith,640,2536,established,baseline
2026-06-06,1115595,9900005535211,Mark Yamasaki,542,1648,established,baseline
2026-06-06,1169813,9900006093888,Marvin Johnson,425,135,preliminary,baseline
2026-06-06,1169913,9900006094564,Enrique Garcia,434,5,preliminary,baseline
2026-06-06,1182423,9900006321349,Michael D Breese,430,148,preliminary,baseline
2026-06-06,1105187,9900005428476,Michael Kidd,417,275,established,baseline
2026-06-06,1117318,9900005552737,Mark Mcpherson,392,517,established,baseline
2026-06-06,1135590,9900005741636,Mark Lanoue,524,639,established,baseline
2026-06-06,1144650,9900005834369,Michael Kafel,447,1132,established,baseline
2026-06-06,972850,9900000820589,Martin Cano,618,1630,established,baseline
2026-06-06,1293109,9900007567593,Micheal Mossberg,340,181,preliminary,baseline
2026-06-06,741272,0128696,Merle Wilford,458,283,established,baseline
2026-06-06,1102839,9900005404814,Matthew Rice,523,704,established,baseline
2026-06-06,1124939,9900005630138,Mark Avery,657,2089,established,baseline
2026-06-06,782979,0321896,Matthew Macks,446,444,established,baseline
2026-06-06,1166961,9900006061382,Martin Mendoza,483,70,preliminary,baseline
2026-06-06,1348818,9900008385240,Martin Dover,467,59,preliminary,baseline
2026-06-06,1370205,9900008597704,Mark Janowiec,406,21,preliminary,baseline
2026-06-06,1155789,9900005946161,Rj Villa,452,386,established,baseline
2026-06-06,1085426,9900005219968,Marvin Coon,483,329,established,baseline
2026-06-06,13870,0239297,Mary Wobst,518,164,preliminary,baseline
2026-06-06,1368186,9900008577676,Mario Perea,261,46,preliminary,baseline
2026-06-06,817124,0208403,Miles Ivaska,460,402,established,baseline
2026-06-06,1099838,9900005374247,Nate Stark,503,66,preliminary,baseline
2026-06-06,1014394,9900004351126,Robert Leivonen,562,996,established,baseline
2026-06-06,754783,0038753,Mike Montoya,554,395,established,baseline
2026-06-06,1073698,9900005097566,Mike Rolinson,414,770,established,baseline
2026-06-06,1120847,9900005589221,Mike Cronstedt,560,777,established,baseline
2026-06-06,993195,9900004141017,Mike Pope,596,2249,established,baseline
2026-06-06,1122655,9900005608045,Misty Martinez,298,93,preliminary,baseline
2026-06-06,1122654,9900005607512,Mike Thistlewood,468,25,preliminary,baseline
2026-06-06,16056,0149746,Mike Willeford,589,2049,established,baseline
2026-06-06,984909,9900004012973,Mike Misevicz,573,3248,established,baseline
2026-06-06,991247,9900004112307,Mike Storey,534,2247,established,baseline
2026-06-06,993214,9900004140942,Mike Kozeniewski,563,1205,established,baseline
2026-06-06,11672,0047092,Mike Hellmer,660,1619,established,baseline
2026-06-06,1008297,9900004285087,Mike Piccirillo,369,582,established,baseline
2026-06-06,760218,9900003216822,Nathaniel Sellis,582,1337,established,baseline
2026-06-06,1202835,9900006629605,Michael Magnelli,375,142,preliminary,baseline
2026-06-06,1268124,9900007303351,Nancy Grisby,362,146,preliminary,baseline
2026-06-06,1256856,9900007188507,Mike Medina,431,41,preliminary,baseline
2026-06-06,1106901,9900005446913,Mike hansen,624,535,established,baseline
2026-06-06,1236056,9900006980959,Mike Garcia,490,233,established,baseline
2026-06-06,1245237,9900007072752,Maya Briggs,200,323,established,baseline
2026-06-06,1215152,9900006753553,Nathan Padgett,521,578,established,baseline
2026-06-06,1241916,9900007039564,Michael Welling,369,397,established,baseline
2026-06-06,1350961,9900008406945,Mike Cox,427,606,established,baseline
2026-06-06,16998,0046889,Sam Cordova,670,1586,established,baseline
2026-06-06,1313382,9900007877975,Mike Mcgee,365,54,preliminary,baseline
2026-06-06,995113,9900004165730,Michael McMinn,491,399,established,baseline
2026-06-06,1317557,9900007919927,Nate Lucich,437,73,preliminary,baseline
2026-06-06,1228996,9900006899527,Miguel Deleon,438,447,established,baseline
2026-06-06,1322536,9900007969625,Mike Melton,511,12,preliminary,baseline
2026-06-06,1362875,9900008525592,Michael Maxwell,380,128,preliminary,baseline
2026-06-06,1347295,9900008220541,Moriah Allen,376,28,preliminary,baseline
2026-06-06,870717,0004663,Mitch Majerus,540,1849,established,baseline
2026-06-06,1257750,9900007197998,Michael Zarlengo,419,419,established,baseline
2026-06-06,1248243,9900007102459,Michael Wong,410,158,preliminary,baseline
2026-06-06,1370208,9900008597384,Mick McCormac,573,30,preliminary,baseline
2026-06-06,1339102,9900008136446,Murphy Hall,272,143,preliminary,baseline
2026-06-06,1384582,9900008737889,Nathan Kutter,332,12,preliminary,baseline
2026-06-06,1073703,9900005097641,Norberto Montano,536,1749,established,baseline
2026-06-06,935987,0227378,Pete Way,418,918,established,baseline
2026-06-06,1115350,9900005532593,Noel Montano,607,2294,established,baseline
2026-06-06,17491,0015706,Nick Smith,659,4794,established,baseline
2026-06-06,1121777,9900005598766,Terry R Jones Jr,461,1578,established,baseline
2026-06-06,1108145,9900005459654,OSCAR TORRIES,280,13,preliminary,baseline
2026-06-06,1121057,9900005591323,Paul Dawson,515,774,established,baseline
2026-06-06,1104044,9900005417395,Patrick Bradford,618,1834,established,baseline
2026-06-06,1135907,9900005745337,Pete Wade,443,634,established,baseline
2026-06-06,1045512,9900004729086,Phil Morishige,501,1097,established,baseline
2026-06-06,810552,0301255,Russell Emenaker,452,1157,established,baseline
2026-06-06,1153870,9900005928143,Nina Lombardi,525,380,established,baseline
2026-06-06,1108144,9900005459630,Norman Meder,585,6005,established,baseline
2026-06-06,1160678,9900005996357,Nic Paxton,501,710,established,baseline
2026-06-06,1118862,9900005569148,Nick Sposato,435,177,preliminary,baseline
2026-06-06,1011419,9900004316675,Patrick Wenzel,479,239,established,baseline
2026-06-06,861864,0301261,Pendleton Than,507,490,established,baseline
2026-06-06,1343647,9900008180920,Paul Sullivan,345,30,preliminary,baseline
2026-06-06,973961,9900003470101,Paxton Mortensen,421,230,established,baseline
2026-06-06,1179345,9900006291710,Noel Saenz,377,206,established,baseline
2026-06-06,1200711,9900006609072,Nicole Rivera,436,894,established,baseline
2026-06-06,1140123,9900005790283,Nelson Harris Jr,509,535,established,baseline
2026-06-06,1245578,9900007075944,Paula David,367,729,established,baseline
2026-06-06,649109,0230836,Nicole Deherrera,406,185,preliminary,baseline
2026-06-06,1186004,9900006457932,Parker Damon,564,2200,established,baseline
2026-06-06,925620,0337515,Perry Sanders,504,771,established,baseline
2026-06-06,1202838,9900006629339,Peter Sherwin,525,498,established,baseline
2026-06-06,1119937,9900005579680,Pete Apodaca,444,459,established,baseline
2026-06-06,1172903,9900006125343,Phil Hood,463,1371,established,baseline
2026-06-06,1210575,9900006707525,Nikki Maxwell,403,1078,established,baseline
2026-06-06,1198552,9900006587462,Nick Williams,412,296,established,baseline
2026-06-06,1263273,9900007254738,Nicholas Windsor,336,109,preliminary,baseline
2026-06-06,1112531,9900005503449,PABLO BURROLA,426,134,preliminary,baseline
2026-06-06,1241919,9900007039595,Patrick Newell,389,387,established,baseline
2026-06-06,1181219,9900006311050,Omar Borini,331,123,preliminary,baseline
2026-06-06,749606,0157292,Rodney Rodriguez,448,1804,established,baseline
2026-06-06,1308633,9900007829608,Pat Thompson,453,251,established,baseline
2026-06-06,1135316,9900005739312,Craig Mondragon,518,396,established,baseline
2026-06-06,1160252,9900005993110,Taylor Linnabbarry,436,151,preliminary,baseline
2026-06-06,1282973,9900007460344,Ramsey Knowles,476,1224,established,baseline
2026-06-06,1262935,9900007249581,Nic Barraza,460,654,established,baseline
2026-06-06,1347088,9900008218401,Nic Ash,296,97,preliminary,baseline
2026-06-06,1356601,9900008463610,Oscar Chaparro,569,54,preliminary,baseline
2026-06-06,1159803,9900005988505,Paul Richardson,519,150,preliminary,baseline
2026-06-06,1370212,9900008597407,Philip Miller,314,13,preliminary,baseline
2026-06-06,1325578,9900008001881,Nick Post,452,200,established,baseline
2026-06-06,935986,0379989,Oskar Saks,554,446,established,baseline
2026-06-06,875079,0318711,Neal Morgan,242,13,preliminary,baseline
2026-06-06,1225811,9900006866550,Priscilla Garcia,190,226,established,baseline
2026-06-06,1108147,9900005459425,Presley Allen,483,313,established,baseline
2026-06-06,1115352,9900005532807,Ramesh Thammiraju,590,2276,established,baseline
2026-06-06,627930,0123503,Randy Abernathy,565,1621,established,baseline
2026-06-06,1106902,9900005446975,rafael figuero,428,193,preliminary,baseline
2026-06-06,1095165,9900005326888,Renee Norman,396,318,established,baseline
2026-06-06,1112846,9900005507263,Ashley Griffin,440,139,preliminary,baseline
2026-06-06,17792,0191196,Dave Hubbard,609,3371,established,baseline
2026-06-06,15303,0037020,Ray Padilla,593,895,established,baseline
2026-06-06,1143536,9900005823554,Raymond Aguirre,454,121,preliminary,baseline
2026-06-06,1132303,9900005657463,Rachel Bradford,423,1506,established,baseline
2026-06-06,1095834,9900005333695,Ricky Guerrero,445,243,established,baseline
2026-06-06,1228270,9900006892399,primo fraire,561,535,established,baseline
2026-06-06,1201748,9900006619415,Rafael Chavez,445,362,established,baseline
2026-06-06,16116,0147868,Ruben Silva Jr,706,15184,established,baseline
2026-06-06,1011894,9900004323765,Reid McClanahan,510,935,established,baseline
2026-06-06,687877,0253500,Ricky Trujillo,643,363,established,baseline
2026-06-06,799926,0048166,Ray Vibar,542,686,established,baseline
2026-06-06,1236060,9900006981536,Ray Segura,531,23,preliminary,baseline
2026-06-06,1330340,9900008048541,Rigo Garza,357,31,preliminary,baseline
2026-06-06,1226729,9900006876658,Randall (Jr) Fishburn Jr,463,572,established,baseline
2026-06-06,1180634,9900006305394,Rachel Downing,380,678,established,baseline
2026-06-06,1181566,9900006314419,Rick Robb,489,208,established,baseline
2026-06-06,1099999,9900005375954,Rebeka Vaticano-McClure,382,1060,established,baseline
2026-06-06,1300681,9900007746141,Ricky Griego,522,170,preliminary,baseline
2026-06-06,1324696,9900007992838,Rashael Richardson,316,42,preliminary,baseline
2026-06-06,1249917,9900007116272,Ricky Gallardo,450,649,established,baseline
2026-06-06,1172569,9900006121932,Richard Smiley IV,596,851,established,baseline
2026-06-06,765407,0007779,Rick Burbach,439,37,preliminary,baseline
2026-06-06,1363252,9900008529286,Pradeep Prabhakaran,445,55,preliminary,baseline
2026-06-06,1337899,9900008123736,Rin Van,464,100,preliminary,baseline
2026-06-06,1330339,9900008049074,Preston Easley,454,319,established,baseline
2026-06-06,1329789,9900008048152,Raj Nayak,406,138,preliminary,baseline
2026-06-06,1356607,9900008463818,Rishi Singh,391,112,preliminary,baseline
2026-06-06,1247936,9900007095713,Randy Wade,247,148,preliminary,baseline
2026-06-06,1352901,9900008427513,Elliot Abraham,450,461,established,baseline
2026-06-06,1160268,9900005992540,Ramon Valdez,478,242,established,baseline
2026-06-06,1386346,9900008754985,Kathryn Kolp,-90,2,preliminary,baseline
2026-06-06,1100364,9900005379624,Raymond Trout,474,53,preliminary,baseline
2026-06-06,1374492,9900008639718,Randy Kessler,131,4,preliminary,baseline
2026-06-06,1065768,9900005020519,Rose Jones,280,176,preliminary,baseline
2026-06-06,14549,0038788,Ron Van Valkenburg,545,270,established,baseline
2026-06-06,1009481,9900004296533,Rob Willhoff,601,824,established,baseline
2026-06-06,1117388,9900005553352,Robert Dejarnette,573,764,established,baseline
2026-06-06,930335,0375290,Ryan Henry,631,2379,established,baseline
2026-06-06,1179349,9900006292267,Rob Weaver,418,482,established,baseline
2026-06-06,875810,0326643,Russ Green,338,755,established,baseline
2026-06-06,1134632,9900005732030,ROBERT LULF,388,39,preliminary,baseline
2026-06-06,1136616,9900005752120,rosa lawhorn,348,67,preliminary,baseline
2026-06-06,17541,0238465,Ron Lincoln,610,1548,established,baseline
2026-06-06,1140026,9900005788235,Ron Halderson,507,134,preliminary,baseline
2026-06-06,651698,0312979,Robert Ortiz,397,9,preliminary,baseline
2026-06-06,827104,0295825,Robert Tague,566,654,established,baseline
2026-06-06,972867,9900008312314,Robert Martinez,551,538,established,baseline
2026-06-06,1126101,9900005642216,Russell Warner,470,846,established,baseline
2026-06-06,1370216,9900008598107,Rodger Prock,342,25,preliminary,baseline
2026-06-06,1014354,9900004350044,Robert Rivers,580,821,established,baseline
2026-06-06,1169222,9900006088303,Russell Shepherd,425,243,established,baseline
2026-06-06,1236065,9900006981130,Shane Lynch,494,159,preliminary,baseline
2026-06-06,1282969,9900007460030,Gil Vaught,266,111,preliminary,baseline
2026-06-06,1190036,9900006499369,Robert Figueroa,559,1743,established,baseline
2026-06-06,972871,9900004150255,Ryan Leutholtz,481,1519,established,baseline
2026-06-06,1190543,9900006504087,Jennifer Harding,300,369,established,baseline
2026-06-06,1104146,9900005418026,Robert London,471,205,established,baseline
2026-06-06,1090607,9900005279566,Rocky Hobbs,433,54,preliminary,baseline
2026-06-06,929300,0031843,Robert Wilson,566,669,established,baseline
2026-06-06,1284915,9900007480540,Russ Bjork,456,809,established,baseline
2026-06-06,874356,0239637,Ryan Mette,512,1515,established,baseline
2026-06-06,1068476,9900005046540,Tim Fisk,558,1366,established,baseline
2026-06-06,1238479,9900007005651,Rodney Olguin,588,419,established,baseline
2026-06-06,1308991,9900007833759,Ryan Costello,489,244,established,baseline
2026-06-06,1238680,9900007007792,Rock Hrovat,467,1502,established,baseline
2026-06-06,622303,9900000234034,Roberta Maestas,466,2341,established,baseline
2026-06-06,1095391,9900005329339,Ron Cox,474,1237,established,baseline
2026-06-06,1173559,9900006131672,Ron Budhi,515,473,established,baseline
2026-06-06,1138589,9900005773033,Ruben Vasquez,547,83,preliminary,baseline
2026-06-06,1106904,9900005447286,ron shepard,401,39,preliminary,baseline
2026-06-06,1223412,9900006843339,Robert Martin,519,247,established,baseline
2026-06-06,1256862,9900007188637,Rus Clark,504,40,preliminary,baseline
2026-06-06,1147049,9900005859027,Robert Danbury,537,1002,established,baseline
2026-06-06,1371916,9900008614692,Robyn Carmine,284,31,preliminary,baseline
2026-06-06,1288372,9900007516874,Ryan Dinsmore,502,55,preliminary,baseline
2026-06-06,1284300,9900007474013,Ron Loveland,427,92,preliminary,baseline
2026-06-06,1343648,9900008181101,Ron Moody,364,41,preliminary,baseline
2026-06-06,1386356,9900008755845,Ryan Merrill,-90,2,preliminary,baseline
2026-06-06,1096257,9900005337938,Ryne Archuleta,556,1096,established,baseline
2026-06-06,645733,0038793,Sam Martinez,659,1570,established,baseline
2026-06-06,1108150,9900005459777,Shawn McFarland,515,377,established,baseline
2026-06-06,1099829,9900005374186,Shannon Ratz,447,443,established,baseline
2026-06-06,731094,0321544,Sandra Padilla,418,2508,established,baseline
2026-06-06,1022320,9900004444828,Shane Gedo,549,1339,established,baseline
2026-06-06,702519,0275722,Sam Montoya Jr,576,771,established,baseline
2026-06-06,15113,0100191,Shawn Hallock,669,3189,established,baseline
2026-06-06,1120454,9900005585063,Samuel Estrada,278,45,preliminary,baseline
2026-06-06,1122661,9900005607673,sam shelburne,579,116,preliminary,baseline
2026-06-06,1090609,9900005279573,Shania Vezelici,451,465,established,baseline
2026-06-06,826008,0101761,Ryan Schnackel,556,327,established,baseline
2026-06-06,972876,9900008274094,Sean Caldwell,521,48,preliminary,baseline
2026-06-06,890610,0239612,Scott Carter,583,2406,established,baseline
2026-06-06,1210830,9900006709581,Scott Norton,607,307,established,baseline
2026-06-06,1107458,9900005452686,Scott Cadwallader,498,587,established,baseline
2026-06-06,972436,0069588,Shawn McKelvy,596,3597,established,baseline
2026-06-06,1153318,9900005922363,Ryan Salisbury,288,642,established,baseline
2026-06-06,12159,0147029,Sean Gilmore,588,852,established,baseline
2026-06-06,1103334,9900005409888,Rebecca Thunstrom,458,1008,established,baseline
2026-06-06,1185596,9900006453828,Scott Lorenzi,432,1128,established,baseline
2026-06-06,1184526,9900006443539,Sal armendariz,315,20,preliminary,baseline
2026-06-06,1102843,9900005404852,Seenae Kim,503,778,established,baseline
2026-06-06,1290299,9900007538531,Deeon Warner,351,76,preliminary,baseline
2026-06-06,1183657,9900006434803,Sam Fritzinger,468,301,established,baseline
2026-06-06,1209960,9900006701066,Samuel Merritt,454,503,established,baseline
2026-06-06,1222876,9900006836812,Scott M Stevens,375,84,preliminary,baseline
2026-06-06,1236063,9900006981369,Scott Lessard,437,206,established,baseline
2026-06-06,1327143,9900008017547,Hope Nickels,-90,5,preliminary,baseline
2026-06-06,1140027,9900005788341,Ryan Sabol,45,23,preliminary,baseline
2026-06-06,985282,9900004020589,Ryan Vlasak,464,167,preliminary,baseline
2026-06-06,650466,0326766,Seth Slape,406,793,established,baseline
2026-06-06,1020039,9900004421683,Ryan Tibbetts,423,797,established,baseline
2026-06-06,1305803,9900007800935,Sean Rushing,310,697,established,baseline
2026-06-06,1348820,9900008384663,Shadd Cordrey,397,50,preliminary,baseline
2026-06-06,1343650,9900008181736,Sam Miller,453,315,established,baseline
2026-06-06,1258837,9900007208298,Sandra Walsh,412,194,preliminary,baseline
2026-06-06,1356609,9900008464167,Shannon Goodman,220,7,preliminary,baseline
2026-06-06,1367503,9900008570974,Scott Scott Renner,272,60,preliminary,baseline
2026-06-06,1365719,9900008553212,Seph Gonzales,423,220,established,baseline
2026-06-06,1370219,9900008597476,Seth Cooprider,383,213,established,baseline
2026-06-06,655840,0317759,Shanna Stanley,306,148,preliminary,baseline
2026-06-06,1295508,9900007592038,Shardai Salaz,249,20,preliminary,baseline
2026-06-06,1313497,9900007879627,Scott Kelly,424,46,preliminary,baseline
2026-06-06,1379972,9900008693185,Sam Gass,197,23,preliminary,baseline
2026-06-06,627148,9900003175433,Sheila Avalos,286,328,established,baseline
2026-06-06,1118023,9900005559781,Tasman Floyde,487,197,preliminary,baseline
2026-06-06,928956,0340520,Stephen Wyatt,691,701,established,baseline
2026-06-06,1113303,9900005514346,Skyler Gilbert,555,1681,established,baseline
2026-06-06,1128450,9900005666564,Spencer Strickland,584,370,established,baseline
2026-06-06,927996,0338000,Stephanie Ford,403,517,established,baseline
2026-06-06,1150339,9900005892789,Stuart Walker,383,386,established,baseline
2026-06-06,1223413,9900006843285,Shiloh Schieck,403,85,preliminary,baseline
2026-06-06,663540,0224283,Anthony Flores,574,30,preliminary,baseline
2026-06-06,1179351,9900006291895,Shawn Schwindamann,484,248,established,baseline
2026-06-06,10899,0048159,Summer Gage,508,656,established,baseline
2026-06-06,1125732,9900005638387,Jeff Burnham,530,245,established,baseline
2026-06-06,1195122,9900006552736,Tanner Breese,412,27,preliminary,baseline
2026-06-06,1343653,9900008181323,Steve Conner,312,23,preliminary,baseline
2026-06-06,757234,0247475,Ted Koerselman,434,5,preliminary,baseline
2026-06-06,820174,0313179,Steven Clark,576,913,established,baseline
2026-06-06,936005,0344832,Steve Casados,544,742,established,baseline
2026-06-06,1134634,9900005732351,Shawn Shannon,465,198,preliminary,baseline
2026-06-06,1114089,9900005519969,Taylor Wolf,534,679,established,baseline
2026-06-06,1234221,9900006951096,Suzan Cordova,394,423,established,baseline
2026-06-06,1193448,9900006532868,Susan Zarges,350,102,preliminary,baseline
2026-06-06,989954,9900004092593,Stephanie Casey,409,87,preliminary,baseline
2026-06-06,1255560,9900007174920,Spencer Nguyen,534,159,preliminary,baseline
2026-06-06,1298049,9900007718568,Steven Ellis,554,237,established,baseline
2026-06-06,1058686,9900004865364,Steve Skelton,500,104,preliminary,baseline
2026-06-06,1275710,9900007382448,Steven Chi,464,171,preliminary,baseline
2026-06-06,1317558,9900007920206,Steven Salazar,410,172,preliminary,baseline
2026-06-06,1238681,9900007007808,Steve D Williams,447,363,established,baseline
2026-06-06,1004048,9900004239295,Steven J Walls,415,2327,established,baseline
2026-06-06,1020041,9900004421706,Tammy Shupp,402,982,established,baseline
2026-06-06,1341578,9900008160991,Bryan Stock,385,26,preliminary,baseline
2026-06-06,1190542,9900006504070,Steve Martz,357,564,established,baseline
2026-06-06,1141466,9900005802160,STEVE BEEMAN,468,58,preliminary,baseline
2026-06-06,1118022,9900005559415,Sudhir Sarag,446,666,established,baseline
2026-06-06,1336929,9900008115151,Skyler Bergeron,446,185,preliminary,baseline
2026-06-06,1370220,9900008598114,Stephen Roush,273,58,preliminary,baseline
2026-06-06,1371917,9900008614715,Shawn Vrooman,457,26,preliminary,baseline
2026-06-06,1309009,9900007837894,Tarek Hafez,502,327,established,baseline
2026-06-06,1350965,9900008406990,Scott Brookhouser,413,16,preliminary,baseline
2026-06-06,1370221,9900008597612,Steve Irwin,324,24,preliminary,baseline
2026-06-06,1370223,9900008598237,Tad Snodgrass,544,42,preliminary,baseline
2026-06-06,1095839,9900005333749,Tracey Burns,355,1202,established,baseline
2026-06-06,2651,0047427,Tony Piazza,690,1870,established,baseline
2026-06-06,1119722,9900005577716,Tenz Lama,588,1417,established,baseline
2026-06-06,1121982,9900005600780,Thor Holt,430,374,established,baseline
2026-06-06,972895,9900005813371,Travis Thorsten,608,1860,established,baseline
2026-06-06,972883,9900005636581,Tiffany Haas,524,1081,established,baseline
2026-06-06,1090614,9900005279610,Trevor Seale,612,762,established,baseline
2026-06-06,1154371,9900005931617,Toni Sprenger,315,57,preliminary,baseline
2026-06-06,1126595,9900005647303,Tony Sintas,453,70,preliminary,baseline
2026-06-06,17812,0007765,Terry Duncan,461,2903,established,baseline
2026-06-06,1114370,9900005522396,Terry Kallsen,531,607,established,baseline
2026-06-06,1095838,9900005333732,Tony Gonzales Jr,512,2982,established,baseline
2026-06-06,1309684,9900007841136,Adam Miller,357,167,preliminary,baseline
2026-06-06,972886,9900005399950,Tyler Casey,543,458,established,baseline
2026-06-06,1008602,9900004288125,Todd McWhirter,501,2010,established,baseline
2026-06-06,995096,9900004165921,Tony Trela,575,940,established,baseline
2026-06-06,10788,0031848,David Wendlowsky,598,346,established,baseline
2026-06-06,1053869,9900004815512,Troy Fenske,471,1101,established,baseline
2026-06-06,1268140,9900007304266,Tomas Maciel,563,229,established,baseline
2026-06-06,1245583,9900007075999,Tim Einspahr,430,829,established,baseline
2026-06-06,1255559,9900007174845,Trung Truong,276,29,preliminary,baseline
2026-06-06,1185997,9900006457864,Tom Kriske,462,715,established,baseline
2026-06-06,1194516,9900006543550,Tony Haukap,385,22,preliminary,baseline
2026-06-06,1184202,9900006439877,Toby Ehrler,524,298,established,baseline
2026-06-06,1197427,9900006576329,Todd Short,495,197,preliminary,baseline
2026-06-06,1225329,9900006862002,Tom Barnard,519,526,established,baseline
2026-06-06,1243327,9900007053850,Troy Michlitsch,518,484,established,baseline
2026-06-06,14656,0007566,Tim Cole,506,1542,established,baseline
2026-06-06,1101306,9900005389272,Tom Burks,368,1476,established,baseline
2026-06-06,1212850,9900006730011,Trish Dawson,315,636,established,baseline
2026-06-06,1296609,9900007704189,Tony Neumann,479,313,established,baseline
2026-06-06,1100991,9900005386202,Tommy Lopez,528,112,preliminary,baseline
2026-06-06,1282977,9900007460504,Tony Cruz,319,106,preliminary,baseline
2026-06-06,643033,0265752,Terry Erdmann,497,2786,established,baseline
2026-06-06,1227751,9900006886367,TJ Hinesley,399,275,established,baseline
2026-06-06,1280299,9900007429228,Toby Smith,469,806,established,baseline
2026-06-06,972888,9900004556798,Tyler Depew,585,1926,established,baseline
2026-06-06,1342662,9900008172055,Tucker Grossman,477,136,preliminary,baseline
2026-06-06,1335227,9900008097990,Todd Hurst,470,170,preliminary,baseline
2026-06-06,1159136,9900005981025,Tim drake,422,133,preliminary,baseline
2026-06-06,1349311,9900008390541,Tyler Tran,264,66,preliminary,baseline
2026-06-06,1360741,9900008503439,Tracy Holbrook,358,81,preliminary,baseline
2026-06-06,1346651,9900008211372,Tess Debonis,297,70,preliminary,baseline
2026-06-06,1334579,9900008091318,Todd Mettler,536,165,preliminary,baseline
2026-06-06,1382857,9900008721468,Tyler Nolen,280,18,preliminary,baseline
2026-06-06,1386361,9900008755494,Tyler Spencer,399,16,preliminary,baseline
2026-06-06,1378859,9900008682493,Trey Miller,400,16,preliminary,baseline
2026-06-06,1065345,9900005016284,Vince Ivey,555,4135,established,baseline
2026-06-06,19028,0015833,Wayne Arde,596,868,established,baseline
2026-06-06,1099896,9900005374810,Victor Trujillo,529,2095,established,baseline
2026-06-06,1129526,9900005678215,VINCENT HINTZ,602,662,established,baseline
2026-06-06,1173571,9900006131931,Zach Medley,392,219,established,baseline
2026-06-06,993648,9900004145992,Whone Johnson,401,419,established,baseline
2026-06-06,1135910,9900005745450,Zach Clemons,419,328,established,baseline
2026-06-06,1134636,9900005732641,Zach Bryan,604,2253,established,baseline
2026-06-06,1185598,9900006454436,William Terral,414,75,preliminary,baseline
2026-06-06,10310,9900002364685,Woody Quezada,535,5046,established,baseline
2026-06-06,1314581,9900007889718,Wilburn Blevins,457,425,established,baseline
2026-06-06,1117382,9900005553192,William Sierra,508,665,established,baseline
2026-06-06,745183,0253103,Ken Schmidt,500,1468,established,baseline
2026-06-06,1228825,9900006897271,Uttam Budathoki,527,766,established,baseline
2026-06-06,1231607,9900006925332,Will Merwin,486,520,established,baseline
2026-06-06,852709,0038812,Vincent Perez,483,639,established,baseline
2026-06-06,1246024,9900007080160,Vladimir Katsuba,389,207,established,baseline
2026-06-06,1160635,9900005996500,Yolanda Salinas,464,34,preliminary,baseline
2026-06-06,1232692,9900006935959,Victor Lujan,498,264,established,baseline
2026-06-06,989953,9900004092586,Vince Holloway,519,120,preliminary,baseline
2026-06-06,995081,9900003551985,Woody Smith,422,1441,established,baseline
2026-06-06,1337907,9900008124962,Yordanos Demissie,565,177,preliminary,baseline
2026-06-06,1287840,9900007513859,Zachary Soron,317,430,established,baseline
2026-06-06,1315476,9900007898543,Zayden Budathoki,262,23,preliminary,baseline
2026-06-06,1341593,9900008161127,Zack Hrovat,398,358,established,baseline
2026-06-06,1148285,9900005871364,Vincent Su,432,385,established,baseline
2026-06-06,1381421,9900008707400,William “bill” Harrington,462,17,preliminary,baseline
2026-06-06,1374504,9900008640042,Wendy Swanson,145,16,preliminary,baseline
2026-06-06,1370227,9900008598268,Will Just,355,35,preliminary,baseline
